"";"geo";"time";"B1GQ__CLV15_MNAC";"P6__CLV15_MNAC";"P61__CLV15_MNAC";"B11__CP_MEUR";"B1GQ__CP_MEUR";"P6__CP_MEUR";"P61__CP_MEUR";"B11__CP_MNAC";"B1GQ__CP_MNAC";"P6__CP_MNAC";"P61__CP_MNAC";"geo_name";"XPERF";"XSHA";"eci";"nulc_eo";"gdp_ind";"exp_ind";"tbalance_gdp";"gdp_ind_rel15";"exp_ind_rel15"
"1";"DE";1995;2325275,7;455815,9;389408,7;8045,7;1977604,1;434958,9;378108,1;7708;1894610;416705;362240;"Saksa";0,9284903509;9,060677426;2,30351;0,8427120406;83,6494439752237;39,9626636544625;0,00406838346678208;113,909460691924;76,2163639244134
"2";"DE";1996;2344365,2;482503,4;412274;14059,8;1967956,2;449875,3;390713,1;13727;1921380;439228;381466;"Saksa";0,9219258478;8,6431612184;2,33549;0,8432937934;84,3361694507297;42,302431938716;0,00714434416929499;111,997345123203;76,4618353500296
"3";"DE";1997;2386180,1;541698,4;460220,9;21047;1952617,8;495189,2;427233,2;21139;1961150;497353;429100;"Saksa";0,940438869;8,1994778949;2,25612;0,8312025439;85,8404182307258;47,4922242979249;0,0107788797389287;110,25941075746;77,6659683079287
"4";"DE";1998;2434358,2;583291;495685,4;24586,8;2000815,9;528353,6;455492;24754;2014420;531946;458589;"Saksa";0,9407853316;8,7489601618;2,20218;0,834171085;87,5735767016902;51,1387646759911;0,0122884006314473;108,754244648686;79,4381809098846
"5";"DE";1999;2480415,3;614095,2;524733,5;11381;2059480;555220;479767;11381;2059480;555220;479767;"Saksa";0,9349904535;8,4063882444;2,26714;0,8434944651;89,2304343405978;53,8394556429907;0,0055261522326024;106,888559044658;79,5290484733192
"6";"DE";2000;2552228;698842;596595,7;3572;2109090;650606;562199;3572;2109090;650606;562199;"Saksa";0,9518095971;7,70203881;2,26168;0,8506328563;91,8138236674461;61,2694462690132;0,0016936214196644;105,692906996499;81,05786332606
"7";"DE";2001;2595558;738447,3;632993,4;35338;2172540;691839;599226;35338;2172540;691839;599226;"Saksa";0,9905618861;8,2525481538;2,23828;0,8489481475;93,3725766391674;64,7417544593025;0,0162657534498789;105,477971087745;84,9252599567264
"8";"DE";2002;2590406,8;769677,3;652475,5;93426;2198120;716424;611849;93426;2198120;716424;611849;"Saksa";0,9993902716;8,5699233108;2,2377;0,8553645668;93,1872674236601;67,4797765114706;0,0425026841118774;103,804739745284;87,3451828601591
"9";"DE";2003;2571923,4;784156,7;667641,2;83467;2211570;725654;619678;83467;2211570;725654;619678;"Saksa";0,968809957;8,9438289611;2,19574;0,8642975715;92,5223457832836;68,7492262873964;0,0377410617796407;101,500091922381;87,7304137276315
"10";"DE";2004;2602527,1;874581,7;740319,9;117663;2262520;808022;685976;117663;2262520;808022;685976;"Saksa";0,9739947449;8,9334912535;2,20445;0,860887402;93,6232829704673;76,6770406987734;0,052005286141117;99,8409813087896;91,2213088561195
"11";"DE";2005;2621313,6;933066,9;792583,3;119002;2288310;870921;739847;119002;2288310;870921;739847;"Saksa";0,9640918289;8,4834361475;2,15958;0,8520535748;94,299108327108;81,8046028929925;0,0520043175968291;98,1711451359018;92,1885882881661
"12";"DE";2006;2721305,9;1047766,2;889993,8;129178;2385080;988208;841480;129178;2385080;988208;841480;"Saksa";0,9930830087;8,4763246257;2,11126;0,8334986607;97,8962302928189;91,8606135483959;0,0541608667214517;99,0524359887661;95,8529514343574
"13";"DE";2007;2802511,7;1140888,3;973988,5;169247;2499550;1082874;926753;169247;2499550;1082874;926753;"Saksa";1,0063792214;8,725471708;2,01485;0,8317630659;100,817526901889;100,02489031254;0,067710987977836;99,3108304767444;99,0240861969083
"14";"DE";2008;2829479,4;1163033,2;987287,7;154663;2546490;1115342;948741;154663;2546490;1115342;948741;"Saksa";0,9929247904;8,3707062862;1,95078;0,8578756311;101,78766266269;101,966396061597;0,0607357578470758;100,116809671689;99,5483327484684
"15";"DE";2009;2668279,6;996946,5;821981,4;122558;2445730;932310;769987;122558;2445730;932310;769987;"Saksa";0,9584595481;8,2570107978;1,91653;0,9136736576;95,9886627252125;87,4051073273082;0,0501110098007548;98,0670940183057;96,6612162898279
"16";"DE";2010;2779786,2;1140604,4;956139,6;134947;2564400;1091549;917244;134947;2564400;1091549;917244;"Saksa";0,9796146392;7,6978210297;1,88894;0,903805104;100;100;0,0526232257058181;100;100
"17";"DE";2011;2888868,7;1235997,8;1041184,3;132204;2693560;1213641;1029689;132204;2693560;1213641;1029689;"Saksa";0,9981295095;7,5677301862;1,9408;0,9069077025;103,924132726467;108,363408031742;0,0490815129419801;102,441256344664;102,436172604233
"18";"DE";2012;2900989;1271770,4;1067432,6;167469;2745310;1271274;1072019;167469;2745310;1271274;1072019;"Saksa";1,0158099574;7,2941939893;1,87347;0,9371823719;104,360148273274;111,499692619106;0,0610018540711249;102,80738968751;103,558225500609
"19";"DE";2013;2913412,3;1284546,3;1071399;161891;2811350;1276878;1068665;161891;2811350;1276878;1068665;"Saksa";0,9956903265;7,3575492996;1,84608;0,9591003294;104,807063938946;112,619791752513;0,0575847902253366;102,748614321872;102,747996967243
"20";"DE";2014;2978255,8;1346154,5;1116196,2;193750;2927430;1335472;1106924;193750;2927430;1335472;1106924;"Saksa";1,0023464385;7,5400115681;1,81367;0,9757956351;107,139743337095;118,021156151949;0,0661843323324554;103,454344700208;103,557009395286
"21";"DE";2015;3030070;1419545;1166593;229135;3030070;1419545;1166593;229135;3030070;1419545;1166593;"Saksa";1,0132626659;7,4859220458;2,09809;1;109,003706831842;124,455507974544;0,0756203652060844;102,774066642688;104,577254781313
"22";"DE";2016;3097640,6;1453614,1;1190624,8;230771;3134100;1442413;1178629;230771;3134100;1442413;1178629;"Saksa";1,0064486347;7,7138162165;2,08459;1,0170955964;111,434490897178;127,442441919389;0,0736323027344373;103,24614621248;104,529962702477
"23";"DE";2017;3173998,3;1524591,3;1251987,6;230442;3244990;1538042;1256279;230442;3244990;1538042;1256279;"Saksa";1,0056645954;7,667342824;2,07537;1,0325423855;114,181382007005;133,665212934476;0,0710147026647232;103,332582477596;104,173150372541
"24";"DE";2018;3222479,5;1557240,9;1280102,5;206059;3344370;1585770;1295032;206059;3344370;1585770;1295032;"Saksa";0,996143268;7,5935508892;NA;1,0632124971;115,925444194233;136,527695316623;0,0616136970490705;NA;103,290896065384
"25";"DE";2019;3240659,9;1571010,5;1288152;207761;3435760;1612236;1310852;207761;3435760;1612236;1310852;"Saksa";NA;NA;NA;NA;116,579465715745;137,734914927559;0,0604701725382448;101,800597033916;98,8754322802371
"26";"ES";1995;716137;142531;93801;-5271,3;470155,7;102621,4;71699,1;-5164;460588;100533;70240;"Espanja";1,1182520354;2,1370459914;1,26353;0,6710726345;66,3711122170847;48,8794466335388;-0,0112117554083042;85,9165083726171;97,3478829288521
"27";"ES";1996;735190;156744;103864;-914;506362,6;116627,3;81689,3;-883;489203;112675;78921;"Espanja";1,164360122;2,2356612162;1,19306;0,6901333476;68,1369318871647;53,753639440735;-0,00180497666612838;86,5807473022113;101,856485775952
"28";"ES";1997;762411;179300;119949;902,7;520831;133696,2;94602,9;900;519268;133295;94319;"Espanja";1,2120353549;2,2063572596;1,17464;0,7218118722;70,6597564942738;61,4889727946447;0,00173320905582474;87,3152461659152;105,233489470329
"29";"ES";1998;795904;193907;128289;-2531,9;553338,4;144432,1;100476;-2544;555993;145125;100958;"Espanja";1,2085255388;2,3982422346;1,09293;0,7422139445;73,763865989366;66,4982835900232;-0,00457559717478457;88,521316057547;107,209500975342
"30";"ES";1999;831644;209557;137693;-11518;595723;156982;107722;-11518;595723;156982;107722;"Espanja";1,2398531511;2,3907537481;1,05449;0,763388229;77,0762259856217;71,865279821123;-0,0193344893515946;89,7472433961952;110,67024336026
"31";"ES";2000;875272;231431;152266;-19148;647851;185048;127665;-19148;647851;185048;127665;"Espanja";1,2263646639;2,190511886;1,10231;0,7898671854;81,119640700693;79,3667287386359;-0,0295561788127208;91,0759751724055;108,661724619045
"32";"ES";2001;909696;240554;157427;-15940;700993;195308;132750;-15940;700993;195308;132750;"Espanja";1,2519737413;2,3201613691;1,14719;0,8096527112;84,3100346713451;82,4953617492635;-0,022739171432525;92,9165933280697;110,121215198029
"33";"ES";2002;934540;243976;161957;-14925;749552;199036;135287;-14925;749552;199036;135287;"Espanja";1,2474940901;2,3714786125;1,15073;0,8390269959;86,6125604616915;83,6688991999232;-0,0199118940380387;94,6367932041841;109,594982268239
"34";"ES";2003;962407;252682;169791;-17697;802266;205612;139943;-17697;802266;205612;139943;"Espanja";1,2444325656;2,5270714664;1,04465;0,8628576102;89,1952559293932;86,6545266240736;-0,0220587685381158;96,7588063732616;112,400744612129
"35";"ES";2004;992461;263558;179710;-31801;859437;218400;150002;-31801;859437;218400;150002;"Espanja";1,1977109561;2,431692628;1,04322;0,8929617917;91,9806411372127;90,3843318003958;-0,0370021304644785;97,5260552252437;108,508364332702
"36";"ES";2005;1028706;268541;179866;-44548;927357;231647;156808;-44548;927357;231647;156808;"Espanja";1,138522184;2,2667800037;1,0347;0,9245549167;95,3398042056036;92,0931971179402;-0,0480375950146492;99,3409341493754;104,63247358167
"37";"ES";2006;1070911;281241;186126;-57163;1003823;253378;170096;-57163;1003823;253378;170096;"Espanja";1,0907694547;2,1728239277;1,02466;0,9624641447;99,2513362045396;96,448523132954;-0,0569452981252671;100,425897441764;100,454768682558
"38";"ES";2007;1109514;302607;204881;-62146;1075539;279476;191268;-62146;1075539;279476;191268;"Espanja";1,0918091657;2,2438298087;1,02372;1,0018314203;102,829037182029;103,775759009866;-0,0577812613024725;101,334078228717;102,204969665255
"39";"ES";2008;1119357;299864;202876;-52542;1109541;284308;193476;-52542;1109541;284308;193476;"Espanja";1,0523566665;2,1390357171;1,01644;1,06275374;103,741280031585;102,835077178435;-0,0473547169505228;101,994013607842;100,191604307839
"40";"ES";2009;1077233;267365;179692;-9319;1069323;246604;164687;-9319;1069323;246604;164687;"Espanja";1,0504639001;2,1898909193;1,02007;1,075732954;99,8372550600609;91,689900787731;-0,00871485977576467;102,535860989122;102,000826278609
"41";"ES";2010;1078989;291597;200807;-10994;1072709;278386;192016;-10994;1072709;278386;192016;"Espanja";1,0355576188;1,9755862201;1,01742;1,0674345346;100;100;-0,0102488186451312;100;100
"42";"ES";2011;1070202;315431;218429;2944;1063763;314182;218574;2944;1063763;314182;218574;"Espanja";1,0611240751;1,9677681126;0,980784;1,0486519885;99,1856265448489;108,173609467861;0,00276753374576856;97,0445780008013;101,630420015361
"43";"ES";2012;1038530;318381;220446;21294;1031099;324335;226839;21294;1031099;324335;226839;"Espanja";1,0608497236;1,8569577343;0,842403;1,0134175114;96,2502861474955;109,185279683947;0,02065175118975;94,0905777578563;100,386173054557
"44";"ES";2013;1023623;332321;234316;40088;1020348;336333;238382;40088;1020348;336333;238382;"Espanja";1,0766926321;1,9303969711;0,700457;0,9985350069;94,8687150656772;113,965850128774;0,0392885564532885;92,3510211709811;103,298014411784
"45";"ES";2014;1037789;347363;243328;31992;1032158;345593;241991;31992;1032158;345593;241991;"Espanja";1,0819682514;1,9459007641;0,701443;0,997565806;96,1816107485804;119,124339413643;0,030995254602493;92,1028226679985;103,765988927607
"46";"ES";2015;1077590;362356;252838;32763;1077590;362356;252838;32763;1077590;362356;252838;"Espanja";1,0818354021;1,9158382809;0,820536;1;99,8703415882831;124,266024684753;0,0304039569780714;93,6433803466859;102,988928578551
"47";"ES";2016;1110255;381819;263543;44415;1113840;377370;259451;44415;1113840;377370;259451;"Espanja";1,1072394061;2,0260511593;0,80013;0,9919086759;102,897712580944;130,940647537526;0,0398755656108597;94,8223895529668;106,0899904342
"48";"ES";2017;1142361;403252;276897;41586;1161878;408730;281258;41586;1161878;408730;281258;"Espanja";1,1085886666;2,0333942731;0,777415;1,0017639339;105,873275816528;138,290860331211;0,0357920538989464;95,3060698838369;106,597442921511
"49";"ES";2018;1169218;412096;282777;32623;1202193;422170;290256;32623;1202193;422170;290256;"Espanja";1,1003617925;2,0144704817;NA;1,018280793;108,36236513996;141,32381334513;0,02713624185135;NA;106,049559800277
"50";"ES";2019;1192033;421554;285524;34229;1244757;433095;293624;34229;1244757;433095;293624;"Espanja";NA;NA;NA;NA;110,476844527609;144,567330939619;0,0274985398756544;94,9203779961753;105,168972191871
"51";"NL";1995;469501,7;223220,8;169053,9;22916,8;346000,8;197985;156299,7;21827;329547;188570;148867;"Alankomaat";0,9672511081;4,1286916213;1,31958;0,7356773849;70,6266858393481;48,8973920754176;0,0662333445608669;92,8777469355981;101,203812514336
"52";"NL";1996;485928,3;232474,2;174636,5;21451,8;354929,1;203688,4;159484;20829;344625;197775;154854;"Alankomaat";0,9539939704;3,8987379583;1,33851;0,7399822248;73,0977233619143;50,9243856523185;0,0604396082698585;94,2847419733056;99,5411214706933
"53";"NL";1997;506964,4;254969,9;190153,2;23466,4;367861,6;222041,1;172613,2;23542;369046;222756;173169;"Alankomaat";0,960255224;3,6843947436;1,28338;0,7479253809;76,2621635034199;55,8521570020806;0,0637915056659603;95,4939033180816;98,2608431291269
"54";"NL";1998;530608,8;272049,8;203583,8;23991,3;391460,9;232294,2;179548,1;24165;394295;233976;180848;"Alankomaat";0,9476917915;3,8597981466;1,2877;0,7667815493;79,8189676867911;59,5935761122573;0,0612866001344171;97,1467566833947;99,0771238974457
"55";"NL";1999;557319,9;296569,4;221210,3;22685;419459;251277;192177;22685;419459;251277;192177;"Alankomaat";0,9720511987;3,819540258;1,27953;0,7867037005;83,8370925798925;64,9646906980504;0,0540815669707886;98,9735332631112;102,880360548063
"56";"NL";2000;580703,1;333429,7;252612,8;29582;452007;298475;233076;29582;452007;298475;233076;"Alankomaat";0,9765474719;3,5324219286;1,31034;0,8158731895;87,3546047003356;73,0390840391616;0,0654458891123368;99,4088019672841;103,048561450902
"57";"NL";2001;594215,8;338340,6;254553,9;31602;481881;305023;235447;31602;481881;305023;235447;"Alankomaat";0,9733469136;3,625161151;1,23203;0,8405942618;89,3873070691265;74,1148359527071;0,0655805063905819;99,8989158166575;102,405583526215
"58";"NL";2002;595506,9;340530,2;256055,6;34275;501137;301426;229437;34275;501137;301426;229437;"Alankomaat";0,9623391036;3,5929834805;1,15767;0,8804503599;89,5815259912032;74,5944764238834;0,0683944709730074;99,0290395571633;100,6431530724
"59";"NL";2003;596433,7;346800,2;262553,1;34093;512810;304015;231428;34093;512810;304015;231428;"Alankomaat";0,9411419809;3,7468359619;1,21646;0,9021645042;89,7209436172435;75,967944525032;0,0664827128956144;98,1699867681145;100,816685607404
"60";"NL";2004;608272,6;375282;289126,2;40966;529286;331726;256337;40966;529286;331726;256337;"Alankomaat";0,9346882075;3,677055493;1,18126;0,8994562308;91,5018578737488;82,2069945670246;0,0773986086917092;97,6543900235387;100,640135804059
"61";"NL";2005;620747,5;396898,9;306568,3;46591;550883;361556;281680;46591;550883;361556;281680;"Alankomaat";0,9198950506;3,5252255546;1,18347;0,8956833058;93,3784449940453;86,9422613287022;0,0845751275679228;97,6859317725777;100,410750726814
"62";"NL";2006;642231,6;425368;331600,5;50213;584546;398550;314930;50213;584546;398550;314930;"Alankomaat";0,9024038998;3,4209253657;1,09357;0,8930647578;96,6102773414918;93,1785293858648;0,0859008529696551;97,9916289012609;98,3702135023479
"63";"NL";2007;666461,9;448146,1;348582,2;43918;619170;425837;336377;43918;619170;425837;336377;"Alankomaat";0,8899306576;3,4209470452;1,09737;0,9103452804;100,255217894195;98,1681615636595;0,0709304391362631;98,9402448783454;97,5113326143426
"64";"NL";2008;680926,3;455391,8;350698,3;55189;647198;451703;354202;55189;647198;451703;354202;"Alankomaat";0,8838550739;3,4014759815;1,10431;0,9433889125;102,431083571901;99,7553605780921;0,0852737493008322;100,925322007246;97,510398537224
"65";"NL";2009;655957,5;416038;315183,1;47391;624842;388883;292382;47391;624842;388883;292382;"Alankomaat";0,9068347895;3,4732491032;1,04799;0,9936384771;98,6750511797171;91,134756278414;0,0758447735587557;101,577795084685;101,702922648099
"66";"NL";2010;664765,3;456508,6;350218,7;51680;639187;446176;342992;51680;639187;446176;342992;"Alankomaat";0,8958013836;3,162740567;1,09691;0,9796553284;100;100;0,0808527082058928;100;100
"67";"NL";2011;675077,1;480060,7;367836,2;55504;650359;491041;382032;55504;650359;491041;382032;"Alankomaat";0,8877209465;3,0713045421;0,952353;0,9892430994;101,551194083085;105,159179914683;0,0853436332856161;99,3973448136068;98,7163630157131
"68";"NL";2012;668121,4;495704,8;379271,9;63588;652966;519130;405627;63588;652966;519130;405627;"Alankomaat";0,9070911164;2,9690238554;0,885129;1,0129843505;100,504854871336;108,586081401314;0,0973833247060337;98,0226100918615;100,127509906855
"69";"NL";2013;667251,7;507990,3;386387,5;67444;660463;527581;407564;67444;660463;527581;407564;"Alankomaat";0,9075862229;3,0294463197;0,818227;1,0165522352;100,374026742972;111,277268380048;0,102116242696411;97,2902650770932;101,155154670696
"70";"NL";2014;676749,3;531085,6;398172,6;74557;671560;541129;409005;74557;671560;541129;409005;"Alankomaat";0,9098354901;3,0481874883;0,756212;1,0130321905;101,802741508921;116,336384462418;0,111020608731908;96,8303863466264;101,359502033413
"71";"NL";2015;690008;570353;418373;51759;690008;570353;418373;51759;690008;570353;418373;"Alankomaat";0,9371931416;3,016235263;1,31596;1;103,797234903807;124,938062503094;0,0750121737718983;96,3122998349623;103,894986574355
"72";"NL";2016;705131;579868;436695;72333;708337;563377;420899;72333;708337;563377;420899;"Alankomaat";0,9160793991;3,0216674253;1,28874;1,0097099621;106,072173141408;127,022360586416;0,102116647866764;96,6007658396319;102,823220769725
"73";"NL";2017;725656,7;617557,9;462931;79390;738146;615553;460770;79390;738146;615553;460770;"Alankomaat";0,9284869612;3,0669411652;1,30343;1,0153466803;109,159834305431;135,278481062569;0,107553248273377;97,0926520130647;104,175639241323
"74";"NL";2018;744505,3;640715;477577,4;85072;774039;652685;486619;85072;774039;652685;486619;"Alankomaat";0,9347209027;3,1139715468;NA;1,0368177575;111,995210941365;140,351134677419;0,109906606773044;NA;105,420066897926
"75";"NL";2019;757521;657335,5;487418,1;87978;810704;671663;495385;87978;810704;671663;495385;"Alankomaat";NA;NA;NA;NA;113,95315008169;143,991920415081;0,108520495766642;98,0187461430771;105,169782750998
"76";"UK";1995;1247102,5;269562,3;161393,7;2795,6;1025787;262141,2;185302,7;2317;850162;217260;153577;"Iso-Britannia";1,5061927104;5,459695887;1,81848;0,6397538652;71,9119706060481;58,1926077712244;0,00272536293082965;NA;NA
"77";"UK";1996;1278174,4;288695,9;173728,3;1873,9;1114825,5;291534,8;205451;1525;907245;237251;167196;"Iso-Britannia";1,5101290076;5,6001879978;1,80903;0,6539513301;73,7036770291161;62,323133738882;0,00168091309403744;NA;NA
"78";"UK";1997;1327445,9;311008,5;197938,4;6855,4;1375538,1;351456;245932,4;4746;952285;243313;170259;"Iso-Britannia";1,4662551574;5,8106573491;1,82057;0,6824960779;76,5448313526106;67,1399363116313;0,00498380211806339;NA;NA
"79";"UK";1998;1375829,4;319622,5;199511,4;-9093,3;1472989,1;356013,2;242748;-6151;996374;240818;164202;"Iso-Britannia";1,3897715891;5,913680499;1,83921;0,6953101525;79,3347807190963;68,999510604258;-0,00617338469289644;NA;NA
"80";"UK";1999;1422995,9;328496,5;204386;-21905,5;1578606,1;377666,5;253110,5;-14430;1039891;248784;166734;"Iso-Britannia";1,337279789;5,7493229592;1,95509;0,7258262509;82,0545539226543;70,9152132131237;-0,0138764543591588;NA;NA
"81";"UK";2000;1471910,9;358073,9;224406,4;-31174,1;1797681,6;452996;307640,9;-19000;1095651;276092;187501;"Iso-Britannia";1,2895861255;5,3691132444;1,97386;0,7512779973;84,8751513011335;77,3003272928471;-0,0173412884212217;NA;NA
"82";"UK";2001;1515690,9;364757,2;227451;-40328,4;1832342,8;458751,8;304931,9;-25079;1139479;285284;189628;"Iso-Britannia";1,2874919183;5,4476001998;1,9704;0,7730697979;87,3996479428553;78,7431056617712;-0,0220091813890383;NA;NA
"83";"UK";2002;1550920,9;369524,3;229076,2;-48768,3;1893359,1;456516,1;297457,2;-30667;1190601;287071;187050;"Iso-Britannia";1,2664364432;5,440650993;1,99456;0,7802985899;89,4311238836469;79,7722183400137;-0,0257575795753573;NA;NA
"84";"UK";2003;1601890;378090,3;226225,2;-40022,3;1817185,2;433519,3;271542,9;-27695;1257474;299991;187905;"Iso-Britannia";1,2385091041;5,3296747639;1,94824;0,7950686707;92,370167323153;81,6214304819501;-0,0220243122323006;NA;NA
"85";"UK";2004;1639918,1;394476,7;229238,4;-49574,2;1945197,9;461259;281746,4;-33644;1320128;313038;191210;"Iso-Britannia";1,1852760883;5,1355447947;1,89629;0,8266586362;94,5629907754385;85,1588960251006;-0,0254854074756387;NA;NA
"86";"UK";2005;1692063,1;426049,1;248052,9;-49058,2;2041933,3;509944,4;311203,6;-33546;1396274;348700;212801;"Iso-Britannia";1,1764375555;4,9826398272;1,77065;0,8449774894;97,5698404187135;91,9746869928888;-0,0240253703785933;NA;NA
"87";"UK";2006;1739243,3;478698,2;282809,2;-44434;2163500,2;586331,8;359425,3;-30292;1474923;399720;245031;"Iso-Britannia";1,2106989441;5,029139175;1,72653;0,8764953722;100,290403608658;103,340476740965;-0,020538021306875;NA;NA
"88";"UK";2007;1781516,5;468738;256484,4;-44830,1;2264694,5;571603,3;325482,9;-30679;1549821;391171;222741;"Iso-Britannia";1,0937866099;4,5874142981;1,7096;0,9092514292;102,728013280536;101,190287297104;-0,0197951892508877;NA;NA
"89";"UK";2008;1776507,7;474934,8;257497,7;-42954,7;1996698,4;538897,1;316881;-34204;1589931;429113;252326;"Iso-Britannia";1,0814741603;4,0582683244;1,67044;0,9248648198;102,439189644651;102,52804095122;-0,0215128832634875;NA;NA
"90";"UK";2009;1701044,8;437878,5;229722,2;-27890,8;1737000,2;458100,4;255081,2;-24849;1547563;408140;227262;"Iso-Britannia";1,0983278809;4,0702696883;1,61184;0,9562711085;98,0877543402976;94,5283958548807;-0,0160568584283806;NA;NA
"91";"UK";2010;1734207,1;463224,3;253701,8;-37279,7;1867396;528007,6;310107,9;-31980;1601927;452946;266023;"Iso-Britannia";1,0519661577;3,7481594165;1,57193;0,9645015057;100;100;-0,0199634565120633;100;100
"92";"UK";2011;1760916,4;496847,3;270365,5;-17304,2;1912457,9;587124,9;347480,1;-15018;1659784;509554;301571;"Iso-Britannia";1,0572743754;3,677641496;1,54878;0,9693409136;101,54014477279;107,258470680403;-0,00904816530343707;NA;NA
"93";"UK";2012;1786959;499622,3;268987;-24753,7;2111708,4;632986,8;368036,8;-20072;1712321;513270;298430;"Iso-Britannia";1,0428670436;3,622481407;1,49378;0,9730776083;103,041845463555;107,857532517184;-0,0117221011714509;NA;NA
"94";"UK";2013;1825190,8;505495,8;268357;-26789,2;2098425,7;628533,1;354525,1;-22751;1782109;533788;301084;"Iso-Britannia";1,0193521204;3,6074571139;1,45544;0,9952507071;105,246414917803;109,125492768838;-0,0127663347191446;NA;NA
"95";"UK";2014;1872782,2;510770,5;271335,1;-32204,9;2309785,1;658336,2;362343,1;-25961;1861964;530698;292092;"Iso-Britannia";0,9857740729;3,7068910605;1,40296;0,9962625741;107,990689231984;110,26418519063;-0,013942804479571;NA;NA
"96";"UK";2015;1916896;530049;285960;-36451,6;2640934,6;730256;393971,1;-26458;1916896;530049;285960;"Iso-Britannia";0,9599552357;3,8598031035;1,6425;1;110,534433863176;114,425991900684;-0,0138025224112315;NA;NA
"97";"UK";2016;1953665;544548,9;282651,7;-39443,3;2435055,2;692511,1;363550,1;-32323;1995479;567499;297922;"Iso-Britannia";0,9444034569;3,7240361473;1,5493;1,021604563;112,654653530135;117,556203333892;-0,0161981158408583;NA;NA
"98";"UK";2017;1990629,9;577772,7;300502,3;-28661,9;2363109,3;717584,7;384940,7;-25127;2071667;629085;337466;"Iso-Britannia";0,9575231168;3,5727038475;1,53259;1,0455543599;114,786169425785;124,728495461054;-0,0121288797861819;NA;NA
"99";"UK";2018;2017318,7;584860,9;299977,7;-33668,7;2423736,6;742026,2;395166,8;-29787;2144304;656478;349608;"Iso-Britannia";0,9260134008;3,4621900824;NA;1,0760518145;116,325132102158;126,258682888614;-0,0138912206478186;NA;NA
"100";"UK";2019;2045620,9;606609,4;317109,2;-33372,1;2523313,6;784931,1;423841,1;-29293;2214889;688989;372035;"Iso-Britannia";NA;NA;NA;NA;117,957128649744;130,953708602938;-0,013225493467167;NA;NA
"101";"AT";1995;242066,7;71517,5;47480,5;-2194,4;184351,3;61818,8;43067,2;-2102,2;176608,8;59222,5;41258,4;"Itävalta";1,1189637084;1,2853794513;2,07826;0,784262127;74,1054916325197;44,8673349740931;-0,0119031441241886;93,9022611456414;96,1343738755042
"102";"AT";1996;247754,2;74834,8;49577,9;-2963,7;186968,1;64035,2;44553,6;-2893,5;182540,9;62518,9;43498,6;"Itävalta";1,1073701343;1,2278353303;2,03268;0,7755602381;75,8466439003035;46,9484816907647;-0,015851242105194;94,5694449488234;95,3090067353118
"103";"AT";1997;252941,2;83087,5;57291,5;-1524,5;187853,7;69558,6;50121,8;-1531,5;188723,8;69880,8;50354;"Itävalta";1,1152937712;1,1462930122;1,91867;0,7718662338;77,4345747685224;52,1259089685736;-0,00811503371593832;94,1364761181229;95,1781205048744
"104";"AT";1998;262000,1;89611,1;61987;-439;195011,9;74789;54153,6;-442;196346,6;75300,9;54524,2;"Itävalta";1,1229966572;1,2425300311;1,84365;0,7733634261;80,2078361801492;56,2185652616067;-0,00225112123153648;94,9858547329984;96,5837479238566
"105";"AT";1999;271317,7;95376,6;66824,3;925,4;203850,6;80229,6;58498,3;925,4;203850,6;80229,6;58498,3;"Itävalta";1,1272750311;1,2203891708;1,80792;0,7757718406;83,0602951463563;59,8356187071708;0,00453959909855551;95,7729887800947;97,9849000966373
"106";"AT";2000;280476,6;108275,9;75757,5;2845,4;213606,5;92590,5;67701,5;2845,4;213606,5;92590,5;67701,5;"Itävalta";1,1497571384;1,0994161596;1,79399;0,7738260078;85,8641702242298;67,928144508986;0,0133207556886143;95,6625953493469;98,7284014606221
"107";"AT";2001;284030,7;114524,5;80306,6;3745,5;220525,1;98392,9;71948,6;3745,5;220525,1;98392,9;71948,6;"Itävalta";1,1893815779;1,1706929006;1,73102;0,7817704546;86,9522105363055;71,848276355305;0,016984461179249;95,1456365478883;101,293679616464
"108";"AT";2002;288721,6;119433,3;83744,4;8367,9;226735,2;102755;74691,6;8367,9;226735,2;102755;74691,6;"Itävalta";1,2155729548;1,2195326014;1,72614;0,784364535;88,3882670062743;74,9278690972329;0,0369060472304256;96,2027238353563;103,121232530712
"109";"AT";2003;291439,8;120068,1;83785,4;6384,2;231862,5;103342,1;74347;6384,2;231862,5;103342,1;74347;"Itävalta";1,1654727121;1,2713985386;1,76393;0,794191504;89,2204076821934;75,3261182564115;0,027534422340827;96,7662797729749;102,065576899298
"110";"AT";2004;299411,1;130467,2;92670,8;7130,1;242348,3;113581,9;83074,9;7130,1;242348,3;113581,9;83074,9;"Itävalta";1,1449861462;1,254002506;1,81965;0,7942559437;91,6607148597205;81,8501145248645;0,0294208789580946;97,4892813679186;101,441597403927
"111";"AT";2005;306130,1;139163;98281,1;8144,9;254075;123530,7;90010,4;8144,9;254075;123530,7;90010,4;"Itävalta";1,1370733698;1,203930863;1,74605;0,8004624145;93,7176470948396;87,3055257384517;0,0320570697628653;98,1971573593857;102,127295495926
"112";"AT";2006;316703,9;149706,2;106074;9628,4;267824,5;136166,4;100076,9;9628,4;267824,5;136166,4;100076,9;"Itävalta";1,1136855836;1,1721778431;1,7452;0,8092275079;96,9546749364384;93,9199248169829;0,0359504078230334;98,3545725378449;99,778148130219
"113";"AT";2007;328508,8;161041,7;114999,5;12462,3;283978;149261,3;110157,3;12462,3;283978;149261,3;110157,3;"Itävalta";1,1036191082;1,2019449639;1,70293;0,8205800268;100,568587623201;101,031382510538;0,0438847375500919;99,2731195694892;100,112441287327
"114";"AT";2008;333306,4;164537,4;116006,6;12996,1;293761,9;156424,9;113368,1;12996,1;293761,9;156424,9;113368,1;"Itävalta";1,078690019;1,1632906179;1,68159;0,8536802514;102,037308875055;103,224450541005;0,0442402503524113;100,246601561779;100,819025850402
"115";"AT";2009;320758,8;140896,5;96706,3;9657;288044;130217,3;91435,3;9657;288044;130217,3;91435,3;"Itävalta";1,0667063816;1,1658024273;1,69369;0,8935303212;98,1960284890778;88,3930571143749;0,0335261279526739;101,301131183994;99,457689723433
"116";"AT";2010;326651,5;159397,7;114458,8;10369,8;295896,6;151683;111997,2;10369,8;295896,6;151683;111997,2;"Itävalta";1,0630261843;1,0700900025;1,68617;0,8945285024;100;100;0,0350453503014229;100;100
"117";"AT";2011;336198,8;168858,5;121657,6;8666,7;310128,7;167310,3;123526,3;8666,7;310128,7;167310,3;123526,3;"Itävalta";1,0590458214;1,0488183494;1,7891;0,9021518951;102,922778557576;105,935342856265;0,0279454948864778;100,320492693579;98,9482326343702
"118";"AT";2012;338486,5;171286,2;122732,5;8906,9;318653;171988,8;125801,2;8906,9;318653;171988,8;125801,2;"Itävalta";1,0635201522;0,9857211341;1,71686;0,9339945371;103,623127400303;107,458388671857;0,0279517217788629;100,93604233947;98,0292212965792
"119";"AT";2013;338572,8;172383,6;121745,3;9121,9;323910,2;173101,8;123657,2;9121,9;323910,2;173101,8;123657,2;"Itävalta";1,0355641061;0,9938678223;1,72767;0,9604972756;103,649546994274;108,14685531849;0,0281618176889768;100,611302053312;97,2911638658266
"120";"AT";2014;340811,7;177361,3;125254,8;10892,6;333146,1;177855,3;126109,3;10892,6;333146,1;177855,3;126109,3;"Itävalta";1,0305289115;1,0030853591;1,64981;0,9796870343;104,334956367872;111,26967327634;0,0326961654361255;99,4501384449235;95,8835832785688
"121";"AT";2015;344269,2;182769,3;129183,5;12912,9;344269,2;182769,3;129183,5;12912,9;344269,2;182769,3;129183,5;"Itävalta";1,0219760036;0,9672690707;1,68354;1;105,393423878354;114,662444941175;0,0375081476937234;98,4376154441049;94,1395212678802
"122";"AT";2016;351439;188385,3;132657,8;13697,1;357299,7;187407,6;131522,1;13697,1;357299,7;187407,6;131522,1;"Itävalta";1,0187017115;1,0086070103;1,63921;1,0178594646;107,588362520913;118,18570782389;0,0383350447817337;98,5529420313311;94,7893994199979
"123";"AT";2017;360142,2;197845,3;139757,8;12227,8;370295,8;200099,2;140640,7;12227,8;370295,8;200099,2;140640,7;"Itävalta";1,0132522457;0,9992842935;1,62894;1,0266754552;110,2527311217;124,120548790855;0,0330217085908077;98,6327984868672;94,734076431318
"124";"AT";2018;368856,8;209487,8;148717;14354,1;385711,9;215057;151599,2;14354,1;385711,9;215057;151599,2;"Itävalta";1,0318018232;1,0266335852;NA;1,0547734455;112,920589680439;131,424606503105;0,0372145635123002;NA;97,93376897934
"125";"BE";1995;286262,7;153376,6;116725,4;8480,1;220251,5;132402,8;105514,2;8104,2;210489,1;126534,2;100837,4;"Belgia";0,9284848942;2,756856161;1,50236;0,7449396639;73,2769482100228;53,9346475374585;0,0385017561479431;98,7100097137173;112,269228842454
"126";"BE";1996;290045,6;161007,3;123116,4;6977,3;219965,3;134602;107150,1;6797,2;214287,1;131127,4;104384,1;"Belgia";0,9236830168;2,5824413276;1,43024;0,7498267934;74,2452873173661;56,617971557968;0,031720061543602;97,6641684145406;111,345422301749
"127";"BE";1997;301048,9;176287,8;135040,6;8663,1;223032,7;144495,3;115227,7;8704,6;224101,5;145187,7;115779,9;"Belgia";0,920302467;2,3892400263;1,46882;0,7507003947;77,0618898444831;61,9913360848654;0,0388422210471594;98,0836813493052;109,539117508711
"128";"BE";1998;306955;183582,2;139763,5;8408;231015,7;148252,8;117570,3;8466,5;232623,8;149284,8;118388,7;"Belgia";0,8814532038;2,4607108368;1,48359;0,7621184946;78,5737214027798;64,5564007231299;0,03639567404539;96,6259514335803;106,983833936028
"129";"BE";1999;317829,6;192484,6;145448,3;9586;242307,6;156441,2;123164,9;9586;242307,6;156441,2;123164,9;"Belgia";0,8667755487;2,3807631598;1,45589;0,774627564;81,3573795636395;67,6869161096848;0,0395612849122355;96,5565446258566;106,150177105025
"130";"BE";2000;329642,3;216346,8;163804,2;7344,3;256376,4;185994,4;145794;7344,3;256376,4;185994,4;145794;"Belgia";0,8675847904;2,2022490708;1,44647;0,7810921452;84,3811706692237;76,0780223571068;0,0286465524907909;96,2633997526624;106,167392618005
"131";"BE";2001;333267,1;217169,3;162008,5;9640,5;264334,9;189295,4;145998,2;9640,5;264334,9;189295,4;145998,2;"Belgia";0,8522432013;2,2485453761;1,40065;0,8152634962;85,3090396576448;76,3672532280451;0,0364707800596894;95,3323574026992;104,121533987097
"132";"BE";2002;338955,6;224658,1;170663,9;15240,7;273255,9;193550,7;151322,1;15240,7;273255,9;193550,7;151322,1;"Belgia";0,8652893908;2,306017496;1,37079;0,8386337436;86,7651704071023;79,0006783299089;0,0557744590327235;95,8780176261451;105,766713623953
"133";"BE";2003;342473,8;228287,1;175040,5;15065,2;281200,2;194130,8;152124;15065,2;281200,2;194130,8;152124;"Belgia";0,8441054479;2,3858371163;1,37738;0,8458508429;87,6657521426637;80,2768106467906;0,0535746418388038;95,8573278395483;106,024921197231
"134";"BE";2004;354704,2;242425,8;188069,9;14526,8;296819,7;210463,8;165746,3;14526,8;296819,7;210463,8;165746,3;"Belgia";0,8272506196;2,3424384745;1,33257;0,8400454938;90,796465251245;85,2486629445848;0,0489414954600385;96,8137580749557;104,028440647368
"135";"BE";2005;362939,5;255786,1;198118,3;12515;310037,6;230304,7;182738,1;12515;310037,6;230304,7;182738,1;"Belgia";0,8124877622;2,2533687317;1,27927;0,8497044372;92,9045207247453;89,9467920692016;0,0403660717280743;96,9820160452006;103,754853317187
"136";"BE";2006;372203;270367,5;210886,5;13144,2;325151,5;249732,6;200445,5;13144,2;325151,5;249732,6;200445,5;"Belgia";0,7835730872;2,1418313862;1,23122;0,8681928631;95,2757727591304;95,0743191470133;0,040424848109266;96,3648774930852;100,587676140241
"137";"BE";2007;385888,6;285064,8;220189,9;14209,2;343618,9;269059,8;213033,2;14209,2;343618,9;269059,8;213033,2;"Belgia";0,7734218432;2,1599967411;1,26407;0,8825592703;98,7789850268239;100,242602283113;0,0413516253034976;97,1629761906467;99,9696341993535
"138";"BE";2008;387613,2;290217,7;217942,5;2366,5;351743,1;284492;218325,3;2366,5;351743,1;284492;218325,3;"Belgia";0,7687559951;2,1399096116;1,22398;0,9278835099;99,2204446542326;102,054611711512;0,00672792159959925;97,4069469655486;100,475912476973
"139";"BE";2009;379780,6;257494,8;187543,7;7837,1;346472,8;238491,1;174947,4;7837,1;346472,8;238491,1;174947,4;"Belgia";0,7633076744;2,1175979459;1,18347;0,953710769;97,2154715140023;90,5476538189552;0,0226196688455775;99,7072197628635;100,53910462484
"140";"BE";2010;390658,6;284374,9;209179,7;6182,3;363140,1;275442;204664,6;6182,3;363140,1;275442;204664,6;"Belgia";0,7605345908;1,9550549891;1,1659;0,9466403644;100;100;0,0170245588410644;100;100
"141";"BE";2011;397278,3;297545,1;222577,4;-372,2;375967,8;303396,1;231427,5;-372,2;375967,8;303396,1;231427,5;"Belgia";0,7498324682;1,9005601324;1,13515;0,9736714021;101,694497446108;104,631280749461;-0,000989978397086133;99,7207929974953;98,3169065500344
"142";"BE";2012;400215,1;296096,5;215398,8;243,1;386174,7;310501,8;230862,4;243,1;386174,7;310501,8;230862,4;"Belgia";0,7341362832;1,7780850855;1,04707;0,9996596086;102,446253583052;104,121882768135;0,000629507836738139;100,368400778793;95,701770371882
"143";"BE";2013;402053;297140,7;215528,1;3134,6;392880;311649,5;229638;3134,6;392880;311649,5;229638;"Belgia";0,7178654309;1,7888519963;0,951062;1,0138689444;102,916715515798;104,489074106048;0,00797851761352067;100,29376396345;94,3105034571201
"144";"BE";2014;408399,5;312582,4;222651,5;3299,8;403003,3;321600,7;230822,6;3299,8;403003,3;321600,7;230822,6;"Belgia";0,7222432533;1,8112482292;0,90581;1,0113368859;104,541279777279;109,919124367165;0,0081880222817034;99,8742736032971;94,9647811669592
"145";"BE";2015;416701,4;324215,7;225961;5908,9;416701,4;324215,7;225961;5908,9;416701,4;324215,7;225961;"Belgia";0,7151043329;1,7140354212;NA;1;106,666383384367;114,00995657493;0,0141801779403669;98,8648808222729;92,8781965527442
"146";"BE";2016;422998,2;345366,9;247707;5136,1;430372,1;341615,1;243154,1;5136,1;430372,1;341615,1;243154,1;"Belgia";0,742545582;1,8334054909;NA;1,0026480882;108,278225540152;121,4477438058;0,0119340914524896;98,4466271649402;96,8833004233048
"147";"BE";2017;431306,7;363618,2;262233,3;6221;446364,9;367409,4;263506,4;6221;446364,9;367409,4;263506,4;"Belgia";0,7422640145;1,827721844;NA;1,018078972;110,40501860192;127,865785623133;0,0139370277546465;97,7861364866559;96,8749510932773
"148";"BE";2018;437596,9;368001,3;267159;-750,3;459819,8;379699,6;275001,3;-750,3;459819,8;379699,6;275001,3;"Belgia";0,7294072161;1,8112473966;NA;1,0356882675;112,015171303025;129,407096055243;-0,00163172616751171;NA;95,075935435132
"149";"DK";1995;1524938,6;511405,1;375404,1;6660,9;141441,4;51784,5;38450,9;48811,2;1036482,6;379476,5;281768;"Tanska";1,3229804225;1,0803045342;1,59706;0,6602695132;79,8391529693376;53,3382652136915;0,0470931205212707;NA;NA
"150";"DK";1996;1569163,3;535243,9;385057,4;8373,1;147843,4;54801,7;39864,9;61620,2;1088023,7;403301,9;293377,8;"Tanska";1,2966546925;1,0530756265;1,52388;0,6755513669;82,1545659232251;55,8245920742882;0,0566349795505374;NA;NA
"151";"DK";1997;1620332;559382,9;409562,6;6673,2;153152,1;57834,6;42331,2;49939,8;1146129,4;432811,2;316789,9;"Tanska";1,2248768423;0,9569560081;1,51091;0,6861188178;84,8335365168885;58,3422290395693;0,0435725669370317;NA;NA
"152";"DK";1998;1656273,5;582330,1;424116,3;4861,4;158146,4;58809,2;42560,3;36457,3;1185987,6;441028;319172,1;"Tanska";1,1798801935;0,9780257024;1,49822;0,7097987306;86,7152771433291;60,7355642634684;0,0307400347187441;NA;NA
"153";"DK";1999;1705100,9;647991,2;455633,6;10017,8;166972,1;65700,9;46104,8;74487,2;1241520,7;488519;342812,5;"Tanska";1,2439051185;1,0015305236;1,58105;0,7238531125;89,2716674515651;67,5838517874346;0,0599967443152579;NA;NA
"154";"DK";2000;1768988,6;729721,9;498734,3;11946;178018,1;79836,3;53494,3;89043,5;1326911,5;595083,5;398735,8;"Tanska";1,2580853504;0,9442853062;1,58813;0,7267229471;92,6165495688905;76,108158159625;0,0671058318508808;NA;NA
"155";"DK";2001;1783550,1;754225,4;512064,4;13141,6;184045,6;83841;55651,8;97932,6;1371526,2;624791,8;414723;"Tanska";1,2860057035;0,9968460716;1,56798;0,7584787263;93,3789263793162;78,6638115578091;0,0714041044203166;NA;NA
"156";"DK";2002;1791867,6;787051,7;530450,5;13004,7;189794,9;86744,8;57822,2;96631,5;1410271;644557;429648;"Tanska";1,319326413;1,0343804284;1,54904;0,7823027495;93,8143945055886;82,0875120554854;0,0685198093132455;NA;NA
"157";"DK";2003;1798857;777537,9;521482,6;13138,6;193353,4;84763,1;56524,9;97628,8;1436751,2;629848,9;420019,4;"Tanska";1,2412118837;1,0426529661;1,50739;0,7997362138;94,1803290919148;81,0952466525983;0,0679510829710809;NA;NA
"158";"DK";2004;1846854,4;801061,4;544113;11435;202422,2;88920,9;59200,5;85075,6;1506000,8;661562,6;440446,2;"Tanska";1,1741532029;0,990857502;1,50872;0,8019500591;96,6932642099127;83,5486885165028;0,0564910722490984;NA;NA
"159";"DK";2005;1890008,8;863705,8;575933,2;11715,4;212832,4;100993,5;65641,9;87300,7;1585984,2;752583,2;489150,3;"Tanska";1,1726338511;0,9876077754;1,4818;0,8225677813;98,9526409106532;90,0823418206106;0,0550451259224398;NA;NA
"160";"DK";2006;1963965;952992,5;606586,7;9231,8;225531,3;114412,1;72073,5;68860,9;1682260,2;853411,4;537603,6;"Tanska";1,1784911769;0,9810112392;1,44935;0,8390770907;102,824665898958;99,3947199815936;0,0409335606941185;NA;NA
"161";"DK";2007;1981822,1;987810,6;610555,9;6761,6;233383,3;120151,6;74076,4;50378,2;1738845,3;895201,6;551914;"Tanska";1,1360908396;0,9644066976;1,40257;0,8840999551;103,759585992455;103,026160207819;0,0289722150670908;NA;NA
"162";"DK";2008;1971674,8;1026058,8;626229,5;8512,9;241613,5;130896;80292,8;63472,4;1801469,9;975960,7;598663,3;"Tanska";1,1517237425;0,9851918436;1,33589;0,9350883993;103,228317496185;107,015351233771;0,0352336722362111;NA;NA
"163";"DK";2009;1874933,7;931411,1;561242,9;10400,8;231278;108992,3;67935,6;77446,6;1722142,5;811578,1;505861,8;"Tanska";1,1789251715;0,9682562117;1,30232;0,9790354304;98,1633742379308;97,1438342612854;0,0449710752739683;NA;NA
"164";"DK";2010;1910013,5;958795,9;597829;16890;243165,4;122854,3;76315,6;125784,7;1810925,6;914932,6;568345,3;"Tanska";1,0888010401;0,8723486736;1,29129;0,969207567;100;100;0,0694587894720799;100;100
"165";"DK";2011;1935546,1;1027780;632567,8;15850,7;247879,9;133409,3;84886,7;118097;1846853,6;993979,4;632456,5;"Tanska";1,095898574;0,8357159384;1,2369;0,969269383;101,336775891898;107,194868063161;0,0639449710578034;NA;NA
"166";"DK";2012;1939930,2;1039724,9;628876,6;15325,6;254578;139077,2;86583;114079,5;1895002,3;1035249,1;644497,6;"Tanska";1,0876195025;0,7964468744;1,13685;0,9781037279;101,566308300962;108,440691079301;0,0602001907860481;NA;NA
"167";"DK";2013;1958036,3;1056479,1;643730,2;17096,4;258742,7;141865,6;88019,5;127503,3;1929677;1058019,1;656440,6;"Tanska";1,0753386504;0,8142868345;0,995356;0,9851896519;102,51426495153;110,188111985043;0,066074944148684;NA;NA
"168";"DK";2014;1989744,6;1089534,8;665242,7;18503;265757;145138,2;89848,4;137936;1981165;1081976,4;669801,7;"Tanska";1,064161537;0,8171536589;0,95349;0,9928768142;104,174373636626;113,635738325539;0,0696236810159679;NA;NA
"169";"DK";2015;2036356,2;1128511,4;695203,1;18532,8;273017,6;151301,4;93207;138230,3;2036356,2;1128511,4;695203,1;"Tanska";1,0571533508;0,7996400757;1,23141;1;106,614754293621;117,700899638807;0,0678811987804491;NA;NA
"170";"DK";2016;2102455,5;1174909,9;706464,7;18920,5;283109,7;151254,1;93876,7;140867,2;2107808,2;1126117,2;698930,7;"Tanska";1,0663372685;0,8121303485;1,21947;1,0000428968;110,075426168454;122,540146448269;0,0668311281832949;NA;NA
"171";"DK";2017;2145264,9;1229381,6;745029,9;20458,7;292408;161230,4;99302,6;152184,1;2175105,8;1199328,7;738672,2;"Tanska";1,0591570027;0,8017121678;1,1577;1,0140791502;112,316740169638;128,221407705227;0,0699662977313563;NA;NA
"172";"DK";2018;2196565,3;1258768,2;758583,3;18222,4;301340,9;167671;101294,7;135815,4;2245954,1;1249685,4;754969,7;"Tanska";1,0486349183;0,7998972784;NA;1,0290862745;115,002606002523;131,28635614733;0,0604711378562901;NA;NA
"173";"FI";1995;137709,1;33021;25662,6;7653,3;102643,6;36710,4;31016,3;7348;98549;35246;29779;"Suomi";1,2251695283;0,7645077335;1,87757;0,7048036403;65,3933456101978;44,666130112203;0,0745618930684228;86,8244012028746;93,2937532040262
"174";"FI";1996;142759,3;34923,6;27490,1;7203,4;104142,2;37823,9;32153,8;7061;102083;37076;31518;"Suomi";1,217035982;0,7254764935;1,93772;0,7090143369;67,7915130079996;47,2396978161332;0,0691692054504668;88,2564022252282;93,5320753992775
"175";"FI";1997;151802;39822,2;31919,2;8215,9;112033,4;42323,3;36387,3;8126;110807;41860;35989;"Suomi";1,2586667419;0,6989674211;1,90875;0,7032001315;72,0855822187441;53,8658298220578;0,0733347171207595;91,1608968580041;95,9083131703824
"176";"FI";1998;160085,9;43355,3;35056,5;9471,4;119733,4;44826,7;38774,2;9530;120474;45104;39014;"Suomi";1,2885112773;0,7439842419;1,89548;0,7196037664;76,0193232402185;58,6449069032917;0,0791042050566927;93,242106483516;98,2861406913724
"177";"FI";1999;167097,1;48270,3;38902,5;11383;126916;47726;40973;11383;126916;47726;40973;"Suomi";1,3767979021;0,7260174553;1,89805;0,7312156838;79,3487025241018;65,293222505529;0,0896892432790192;94,2485061825767;103,609788380829
"178";"FI";2000;176744,2;56044,2;46636,8;12508;136442;57348;50408;12508;136442;57348;50408;"Suomi";1,4260806412;0,6784490407;1,85628;0,7363326941;83,92978064048;75,8086529552203;0,0916726521159174;96,0158520014889;107,202771673926
"179";"FI";2001;181356,8;57065,1;47710,4;13380;144628;57510;50516;13380;144628;57510;50516;"Suomi";1,4240666505;0,6833283398;1,85446;0,7588979289;86,1201467525351;77,1895818256829;0,09251320629477;96,8122708299637;107,015053592117
"180";"FI";2002;184452,7;59338;49657,5;13320;148486;58110;50785;13320;148486;58110;50785;"Suomi";1,4417902019;0,6923583898;1,86151;0,7702212639;87,5902838652939;80,2640389024531;0,0897054267742413;97,472725095643;108,888867137444
"181";"FI";2003;188148,6;58739,6;49345,9;9994;151749;56634;49466;9994;151749;56634;49466;"Suomi";1,3498954528;0,6961842329;1,80769;0,773772809;89,3453404740491;79,4546081687035;0,0658587535996942;98,4638217675334;105,664579779638
"182";"FI";2004;195660,2;63874,5;53473,4;9955;158758;61305;53271;9955;158758;61305;53271;"Suomi";1,3357451476;0,6827396056;1,81559;0,7754516668;92,9123426175934;86,400373333694;0,0627055014550448;99,8290572437294;105,554178781109
"183";"FI";2005;201098,8;68312,8;56536,3;6534;164687;66325;56897;6534;164687;66325;56897;"Suomi";1,3144817165;0,649109988;1,80046;0,7935268719;95,4949479024702;92,4038767187215;0,0396752627711963;100,562390238755;106,421318164559
"184";"FI";2006;209197,9;75016,8;63179,9;7201;172897;74474;64993;7201;172897;74474;64993;"Suomi";1,3017511988;0,6387550826;1,77725;0,8020712152;99,3409337191777;101,472098040674;0,0416490743043546;101,184209934907;106,872919618982
"185";"FI";2007;220283,3;81758,7;69142;8969;187072;81986;71714;8969;187072;81986;71714;"Suomi";1,3003484747;0,658029209;1,77327;0,8047687476;104,605011354042;110,591585112643;0,0479441070817653;103,627990862991;109,772980527728
"186";"FI";2008;222010,4;87155,5;69355,1;7024;194265;87225;71310;7024;194265;87225;71310;"Suomi";1,3402964491;0,6562486891;1,75639;0,8516533494;105,425152123268;117,89161148948;0,036156796128999;104,120460372693;115,007306737505
"187";"FI";2009;204083,9;69625,2;53839,3;3705;181747;65576;51257;3705;181747;65576;51257;"Suomi";1,233005934;0,5820897761;1,71426;0,9163657708;96,9124698816349;94,1791054870584;0,0203854809157785;100,043486500757;104,977943532831
"188";"FI";2010;210585,8;73928,5;56810,8;2567;188143;72274;56515;2567;188143;72274;56515;"Suomi";1,1612113215;0,5111443753;1,67979;0,9028487491;100;100;0,0136438772635708;100;100
"189";"FI";2011;215950,6;75428;56869,1;-1542;197998;77022;59370;-1542;197998;77022;59370;"Suomi";1,0931021419;0,48235753;1,71439;0,9237870365;102,547560186869;102,028311138465;-0,0077879574541157;100,249937250261;95,6651907448465
"190";"FI";2012;212933;75604;56523,3;-3124;201037;78019;59483;-3124;201037;78019;59483;"Suomi";1,0643224803;0,4467647128;1,61173;0,970416518;101,114605068338;102,266379001332;-0,0155394280654805;98,7493838221195;94,0046174913954
"191";"FI";2013;211012,3;76036,7;56546,4;-2163;204321;77678;58586;-2163;204321;77678;58586;"Suomi";1,0405049072;0,4458448512;1,57477;0,9879253188;100,202530275071;102,851674252825;-0,0105862833482608;97,2690796494905;93,3810928691107
"192";"FI";2014;210242,2;74552,5;55019,5;-2379;206897;75479;56061;-2379;206897;75479;56061;"Suomi";0,989577994;0,4250731138;1,49895;0,9943162993;99,8368361019594;100,84405878653;-0,0114984750866373;95,0655375763596;87,7491907328054
"193";"FI";2015;211385;74845;53012;-1202;211385;74845;53012;-1202;211385;74845;53012;"Suomi";0,9779569687;0,3956704817;1,77048;1;100,379512768667;101,239711342716;-0,00568630697542399;93,205943881271;83,8760705069266
"194";"FI";2016;217114,6;77615;54439,4;-2779;217518;75719;52727;-2779;217518;75719;52727;"Suomi";0,9871331123;0,4066549878;1,72464;0,9904098096;103,100304009102;104,986574866256;-0,0127759541739074;93,8417301017235;84,8573772386748
"195";"FI";2017;223846;84455,1;59155;259;225836;85085;59454;259;225836;85085;59454;"Suomi";1,0116011044;0,4233278114;1,70679;0,9684752535;106,296815834686;114,238892984438;0,00114684992649533;94,484315521794;87,9283734443133
"196";"FI";2018;227754,6;86304,5;60336,1;-1716;234370;90408;63512;-1716;234370;90408;63512;"Suomi";0,9993376109;0,4312917588;NA;0,9855125957;108,152876404772;116,740499266183;-0,00732175619746555;NA;87,4773557488009
"197";"FR";1995;1596316,6;302763,7;229428,4;19592,1;1224717,2;277066,9;214228,2;19489;1218273;275609;213101;"Ranska";1,2905038994;5,7742594296;1,69969;0,7505719769;76,4221039552899;54,3556716207832;0,0159972354308107;100,584817715387;111,226676997733
"198";"FR";1996;1618872,4;315685,9;236726,1;22543,8;1265105,4;291677,2;225460,2;22315;1252266;288717;223172;"Ranska";1,2650385497;5,5928266836;1,60763;0,7607092978;77,5019409327383;56,6756157218035;0,0178196964542677;99,9424075767865;109,539543357178
"199";"FR";1997;1656694,1;356848,9;267734,7;38637,6;1282409,5;327311,9;255329,8;38950;1292777;329958;257394;"Ranska";1,2972279801;5,4022308351;1,58323;0,7627930752;79,3126180184529;64,0656777104973;0,030128939484536;99,2407619267673;111,834803320349
"200";"FR";1998;1716147,2;388296,4;291058,1;36890,7;1343327,3;350964,3;272579,3;37126;1351896;353203;274318;"Ranska";1,3180977277;5,8238210426;1,54483;0,7640357386;82,1588773310881;69,7114997931795;0,0274621716463397;99,8642911018223;115,194373391993
"201";"FR";1999;1774863;408145,8;305471,4;33513;1400999;365332;283298;33513;1400999;365332;283298;"Ranska";1,3072080438;5,5497682928;1,56021;0,7738212727;84,969839123641;73,2750956544719;0,0239207879520257;100,121530112445;115,309844154225
"202";"FR";2000;1844502,7;460737,6;342847,8;19646;1478585;422801;325400;19646;1478585;422801;325400;"Ranska";1,3271162368;5,012611981;1,58127;0,7843642828;88,3037719993721;82,7169891534148;0,0132870278002279;100,234312736684;116,101645606524
"203";"FR";2001;1881092,5;474892,3;353479,9;24187;1538200;434786;332627;24187;1538200;434786;332627;"Ranska";1,3442927826;5,1745926219;1,58792;0,8036045177;90,0554730712668;85,258206033413;0,01572422311793;100,245082666627;117,039136174915
"204";"FR";2002;1902452,9;484378,1;360028,8;31599;1587829;437146;330476;31599;1587829;437146;330476;"Ranska";1,3384472738;5,2109861173;1,60699;0,8275083632;91,0780814368796;86,9612075156264;0,0199007575752805;100,359676148447;117,110914200424
"205";"FR";2003;1918113,2;479733,5;359010,3;23254;1630666;425799;321437;23254;1630666;425799;321437;"Ranska";1,2606308235;5,2411820536;1,60873;0,8446092475;91,8278030613812;86,127354737338;0,0142604310140765;100,216441508821;113,912300788451
"206";"FR";2004;1972391;505437,8;379269;17257;1704019;451034;341301;17257;1704019;451034;341301;"Ranska";1,2092544036;5,0050781442;1,55541;0,8518480049;94,4262999222574;90,7420905529001;0,0101272344967985;100,674404050073;110,724361130178
"207";"FR";2005;2005196,3;525532,1;392990,9;1509;1765905;477378;359395;1509;1765905;477378;359395;"Ranska";1,1672705873;4,658896644;1,54456;0,8682619624;95,9968217390978;94,3496537193216;0,00085451935409889;100,326358127632;108,908922540766
"208";"FR";2006;2054310;557052,1;418367,4;-4312;1848151;516282;391096;-4312;1848151;516282;391096;"Ranska";1,1316728504;4,4345440181;1,50134;0,8825483511;98,3480923373168;100,008491847826;-0,00233314269234494;99,5939455456594;105,692659545429
"209";"FR";2007;2104121,6;572600,5;424278,3;-13866;1941360;540732;404587;-13866;1941360;540732;404587;"Ranska";1,0800525596;4,3505092225;1,47143;0,8964233294;100,732774218956;102,799922011444;-0,00714241562615898;99,1831871713971;101,73391284871
"210";"FR";2008;2109486;575123,9;423322,2;-23078;1992380;560245;417712;-23078;1992380;560245;417712;"Ranska";1,0540766279;4,2068724723;1,46951;0,9229696155;100,989589649214;103,252952218724;-0,0115831317318985;99,123482232084;100,932652888236
"211";"FR";2009;2048873,8;512446,6;369824,5;-15325;1936422;480921;346794;-15325;1936422;480921;346794;"Ranska";1,0594885592;4,2719484656;1,46536;0,9520408123;98,0878395519221;92,0003920971597;-0,00791408071174568;100,708352899179;102,843467507461
"212";"FR";2010;2088815,3;557004,8;407987;-25764;1995289;534504;390583;-25764;1995289;534504;390583;"Ranska";1,0318256601;3,7849080396;1,45099;0,9599118328;100;100;-0,0129124151939894;100;100
"213";"FR";2011;2134616,8;592451,9;430359,2;-40096;2058369;585016;427402;-40096;2058369;585016;427402;"Ranska";1,0367792894;3,6600673145;1,43611;0,9648055688;102,192702246101;106,363876936069;-0,019479500517157;100,283242561483;99,8033194805546
"214";"FR";2012;2141301;609290,2;436392,9;-27071;2088804;609994;440063;-27071;2088804;609994;440063;"Ranska";1,0547421773;3,4965370026;1,36854;0,982348492;102,51270181715;109,386884996323;-0,0129600479508848;100,74540105734;100,75905555826
"215";"FR";2013;2153641,9;622333,4;441702,9;-21904;2117189;621707;443174;-21904;2117189;621707;443174;"Ranska";1,0460998218;3,5710123656;1,24155;0,9917960718;103,103510396539;111,728552428992;-0,0103457934081464;101,058013868597;101,303817131049
"216";"FR";2014;2174234,7;642698,7;448716,8;-24624;2149765;637764;445843;-24624;2149765;637764;445843;"Ranska";1,0383377378;3,594449042;1,15748;0,9973726388;104,089370659053;115,384768677038;-0,011454275234735;100,214733457951;100,203236611427
"217";"FR";2015;2198432;672558;469670;-12453;2198432;672558;469670;-12453;2198432;672558;469670;"Ranska";1,0467407772;3,553378875;1,41803;1;105,247792851766;120,745458566964;-0,0056644917832346;98,8398979733218;99,939936092664
"218";"FR";2016;2222515;684501,7;478037,6;-13518;2234129;675769;468789;-13518;2234129;675769;468789;"Ranska";1,0348772897;3,6285499665;1,40465;1,0086229295;106,400743043198;122,889730932301;-0,00605068015320512;97,9584947205219;98,951897334518
"219";"FR";2017;2272748,4;710901,4;500693,7;-24288;2295063;707336;496312;-24288;2295063;707336;496312;"Ranska";1,0197732351;3,5239587523;1,38964;1,0145718155;108,805618189411;127,629313068756;-0,0105827160300175;97,7958547665616;97,5339699418834
"220";"FR";2018;2311950,6;735556,7;518794,6;-18201;2353090;737399;517419;-18201;2353090;737399;517419;"Ranska";1,0220816578;3,5215453569;NA;1,0256242868;110,682385369353;132,055720166146;-0,00773493576531284;NA;98,4727255097418
"221";"IE";1995;91548,5;50734,5;38883,1;5783,6;52944,6;38878,3;33997,5;5988,9;54824,3;40258,6;35204,6;"Irlanti";0,5845858397;0,8075408195;1,31883;0,8826141325;48,2392516391339;26,5850444223781;0,109238056847055;65,0060880730687;52,4070564983675
"222";"IE";1996;98336,1;57036,5;43381,6;6534,9;59772,3;44720,6;38760,1;6583,7;60218,9;45054,8;39049,7;"Irlanti";0,6138360924;0,8575327648;1,34091;0,8943920352;51,8158120898872;29,88731309458;0,109329463009122;68,1507767749785;55,4481420298301
"223";"IE";1997;109058,5;67045,5;50766,8;8759,7;73091,9;56392,7;48678,3;8314,3;69375,2;53525,2;46203;"Irlanti";0,6574060308;0,9281848686;1,37233;0,8986595403;57,4657195353991;35,1320619267077;0,119845420265455;73,1642622517151;58,8525511994516
"224";"IE";1998;118537,1;82312;58800,3;8762,1;80460,9;67936,3;55081,2;8747,4;80326,2;67822,5;54989;"Irlanti";0,7513640284;1,127264213;1,49523;0,9309849034;62,4602368741507;43,1317580048051;0,108898466502835;76,9984201640635;69,2317746374763
"225";"IE";1999;130987,7;95294,1;66948,6;12108,4;92632,4;80226,8;64195;12108,4;92632,4;80226,8;64195;"Irlanti";0,8111196924;1,2178936094;1,39659;0,949079234;69,0207772047754;49,9344209894754;0,130714523212181;82,260913004526;76,5758054393924
"226";"IE";2000;143360,5;115484,8;78581,8;14998,8;108380,4;102408,1;80068,1;14998,8;108380,4;102408,1;80068,1;"Irlanti";0,8792621752;1,2083614014;1,44934;0,9865462478;75,5403227208754;60,5144140202318;0,138390336260062;86,7888234567737;83,7092770329504
"227";"IE";2001;150927,7;131662;87823,6;19055,7;121958,6;116258,7;86730,5;19055,7;121958,6;116258,7;86730,5;"Irlanti";0,9973981681;1,3813105393;1,45836;1,0483746089;79,5276743978953;68,9913198856625;0,156247283914378;89,7896585270447;95,5478823420056
"228";"IE";2002;159862,3;140188,3;94273,3;23363,9;135959,2;123009,4;90780,7;23363,9;135959,2;123009,4;90780,7;"Irlanti";1,0357437874;1,4661385937;1,55977;1,0595958108;84,235544190355;73,4591290541479;0,171844935833691;93,9213677353825;100,50188700811
"229";"IE";2003;164690,5;137808,1;87705;22054,4;145555,8;117685,2;79618,7;22054,4;145555,8;117685,2;79618,7;"Irlanti";0,9787830935;1,4457391542;1,62751;1,11973233;86,7796465488215;72,2118964464718;0,151518524167364;95,1793762027041;96,8664531170848
"230";"IE";2004;175760,5;146793,8;93840,8;22444,6;156143,8;125751,1;84696,7;22444,6;156143,8;125751,1;84696,7;"Irlanti";0,9599845413;1,4002274967;1,51601;1,1391467717;92,6127133456037;76,9204327219088;0,143743139336945;98,9106516155538;95,4462360555149
"231";"IE";2005;185778,6;154837,9;97522,3;18529;170187;135441;89919,3;18529;170187;135441;89919,3;"Irlanti";0,9445099593;1,3247650915;1,3506;1,1997769784;97,8915070652824;81,1355675086526;0,108874355855618;102,071207887546;94,6788291348455
"232";"IE";2006;195199,2;164207,5;100226,5;14881,2;184993,7;146148;93354,2;14881,2;184993,7;146148;93354,2;"Irlanti";0,9274765721;1,253952255;1,37041;1,2570598685;102,855462717113;86,0452686433817;0,0804416582834983;104,19522331325;91,7419985385243
"233";"IE";2007;205592,1;178824,4;109023,8;16310,9;197202;159304,6;99786,6;16310,9;197202;159304,6;99786,6;"Irlanti";0,9654095533;1,2794660457;1,29819;1,3074551244;108,331748165377;93,7045721906219;0,0827116357846269;107,079160600114;94,6439415284992
"234";"IE";2008;196380,8;172022,9;102569,4;16157,1;187769,1;157941,9;96164,4;16157,1;187769,1;157941,9;96164,4;"Irlanti";0,9202248035;1,1894443386;1,35691;1,4050564815;103,478078049279;90,1405638799299;0,0860477043347388;102,099037190093;88,9225612613218
"235";"IE";2009;186406,2;180019,4;109038,9;22920,5;170100,5;158596,1;97273,3;22920,5;170100,5;158596,1;97273,3;"Irlanti";1,0812628467;1,4097268407;1,37428;1,3466126284;98,222205594791;94,3307561105333;0,134746811443823;100,749207482761;104,849263849324
"236";"IE";2010;189780,1;190838,5;111745,9;27871,9;167732,3;172796,6;103254,5;27871,9;167732,3;172796,6;103254,5;"Irlanti";1,0331344952;1,2272022742;1,33093;1,2391662032;100;100;0,16616894897405;100;100
"237";"IE";2011;190431,9;196935,2;111035,8;32160,4;170827;177303,1;100577,9;32160,4;170827;177303,1;100577,9;"Irlanti";1,0109153801;1,1099280244;1,1731;1,2194535627;100,343450129914;103,194690798764;0,188262979505582;98,5608472180165;96,8740849899081
"238";"IE";2012;190861,7;195218,7;108597,2;30614,2;175115,7;183012,7;101868,5;30614,2;175115,7;183012,7;101868,5;"Irlanti";0,9867363469;1,0468228521;1,24971;1,222339076;100,569922768509;102,295239168197;0,174822702932975;98,0040438032272;94,0313485008048
"239";"IE";2013;193441,5;200926,2;108216,4;33788,4;179661,3;186244,3;98732,7;33788,4;179661,3;186244,3;98732,7;"Irlanti";0,987859196;1,0675934792;1,28901;1,2333073622;101,929285525722;105,285987890284;0,188067213139391;98,3314523544912;94,8998271132908
"240";"IE";2014;209993,7;230194,5;125861,4;35185,4;194818,2;214349,7;114460,3;35185,4;194818,2;214349,7;114460,3;"Irlanti";1,089501797;1,2041637168;1,22044;1,1758719855;110,651064047284;120,622673097934;0,180606329388117;104,776863545118;104,684545127094
"241";"IE";2015;262833,4;320564,9;200326,9;75678,8;262833,4;320564,9;200326,9;75678,8;262833,4;320564,9;200326,9;"Irlanti";1,4531867727;1,6930554992;1,35298;1;138,493656605724;167,97705913639;0,287934486256313;128,372127670557;141,051108585982
"242";"IE";2016;272499,9;333795,1;200389,4;42353,4;271683,6;328235,4;193159,8;42353,4;271683,6;328235,4;193159,8;"Irlanti";1,4696387663;1,761378622;1,40903;1,025056714;143,587183271586;174,909727334893;0,155892368917373;130,817156632667;144,053881161266
"243";"IE";2017;294695,9;364661,4;207060,8;65626,8;297130,8;359654,9;197824;65626,8;297130,8;359654,9;197824;"Irlanti";1,5312351238;1,7874310496;1,40023;1,0105670692;155,282824700798;191,083769784399;0,220868385236401;138,395480498793;150,039850121085
"244";"IE";2018;318772,1;402589,5;235319;107389,8;324038,2;396383,2;216306,8;107389,8;324038,2;396383,2;216306,8;"Irlanti";1,6417314965;1,8880245849;NA;0,9874890185;167,969191711881;210,958218598448;0,331410926242647;NA;161,583027568502
"245";"IT";1995;1499354,9;317977,1;247602;32881,6;898299,3;221632,8;176774,3;36173,9;988243,2;243824,2;194474,2;"Italia";1,9213531699;4,6426875927;1,68699;0,6447697203;87,5404435702722;74,6766421178882;0,036604248832676;116,872615513861;158,410269459931
"246";"IT";1996;1518348,5;322551,1;253758,3;46836,2;1033759,7;245049,5;195888,4;47385;1045872,7;247920,8;198183,7;"Italia";1,8158850688;4,6996593769;1,63958;0,6804620306;88,6493926049513;75,7508419928075;0,0453066611261581;115,928696484996;151,443724462289
"247";"IT";1997;1546137,5;338791,8;263330,6;40684,6;1096302;264754,6;208602,8;40538,2;1092357,3;263802;207852,2;"Italia";1,7362866227;4,3770171141;1,55468;0,7002804521;90,2718646336713;79,5649560961313;0,0371107512166578;114,543845420872;142,340013026212
"248";"IT";1998;1574132,1;347919,3;270020,1;34412,3;1134534,9;273002,6;214432,5;34543,4;1138856,1;274042,4;215249,2;"Italia";1,6577790828;4,5219795173;1,47994;0,6855486806;91,9063407017272;81,7085414390098;0,0303316634998926;113,008436821209;137,383135196955
"249";"IT";1999;1599723,2;344515,7;270045,2;20925,8;1175149,5;272643,4;215632,4;20925,8;1175149,5;272643,4;215632,4;"Italia";1,5496760389;4,1332153539;1,49433;0,6988867309;93,400487448072;80,9092089741485;0,0178069258422014;111,101699155022;128,640098338797
"250";"IT";2000;1660304;386149,2;303587,8;10551,3;1241512,9;318171,6;253814,7;10551,3;1241512,9;318171,6;253814,7;"Italia";1,5637335688;3,7769208102;1,48962;0,7000144684;96,9375220112978;90,6867998120268;0,00849874375046768;111,097555561527;128,505513072285
"251";"IT";2001;1692702,7;396077,7;311951,8;16474,1;1304136,8;334498,2;267052;16474,1;1304136,8;334498,2;267052;"Italia";1,5733844841;3,9728840606;1,52985;0,7248087522;98,8291332429683;93,0184993000322;0,0126321870527693;111,13098247351;128,978166187994
"252";"IT";2002;1697001,2;384969,2;303959,8;10221,7;1350258,9;329564;263117,4;10221,7;1350258,9;329564;263117,4;"Italia";1,4947926027;3,9379938242;1,48036;0,7565838654;99,08010290778;90,4096778504166;0,00757017783774652;110,215301751797;122,330064028228
"253";"IT";2003;1699353,7;379970,9;301819,8;6353,5;1394693,2;324994,1;259337,2;6353,5;1394693,2;324994,1;259337,2;"Italia";1,394449893;3,9939399072;1,37375;0,7870170516;99,2174545738192;89,2358314938776;0,00455548216625707;109,246039330587;118,661541620841
"254";"IT";2004;1723545,6;403261,5;321190,5;8558,9;1452319;348699,3;278154,6;8558,9;1452319;348699,3;278154,6;"Italia";1,3382613925;3,8568889345;1,3861;0,8039915944;100,629908461026;94,70560840835;0,00589326449629868;108,068171077637;116,235806926971
"255";"IT";2005;1737641,6;416232,7;331855,3;-1476,1;1493635,3;367450,6;293323;-1476,1;1493635,3;367450,6;293323;"Italia";1,2870186512;3,6035680456;1,39804;0,832137312;101,45290913456;97,7518833138056;-0,000988259985553368;106,721897436617;113,351402712646
"256";"IT";2006;1768756,5;450823;359498,2;-12750,7;1552686,8;406392,3;324985,6;-12750,7;1552686,8;406392,3;324985,6;"Italia";1,2745424112;3,5016981272;1,34865;0,854221545;103,269565182868;105,875384829639;-0,00821202318458559;105,214606355478;112,706637436599
"257";"IT";2007;1795059,2;478762;385104,4;-5480,3;1614839,8;441837;356952,4;-5480,3;1614839,8;441837;356952,4;"Italia";1,2379665219;3,5446320534;1,29984;0,8736825319;104,805258983646;112,43683439356;-0,00339371125234838;103,753290972738;112,593387840356
"258";"IT";2008;1777790,5;463589,4;378970,6;-12566,5;1637699,4;439931,5;361318,1;-12566,5;1637699,4;439931,5;361318,1;"Italia";1,1549254635;3,2979305308;1,3267;0,9131352179;103,79701893462;108,873562635317;-0,00767326409229923;102,256076017146;107,100340452387
"259";"IT";2009;1683906,5;380994,4;307337;-9786;1577255,9;353292,1;284702,1;-9786;1577255,9;353292,1;284702,1;"Italia";1,0732977784;3,1335976602;1,35289;0,9577602828;98,3155635406031;89,4761995682064;-0,00620444659614207;100,966297698545;99,7045079610122
"260";"IT";2010;1712756,8;425805,3;345510,2;-29938,9;1611279,4;404013;328260,2;-29938,9;1611279,4;404013;328260,2;"Italia";1,0758790088;2,8520323694;1,34589;0,9532344711;100;100;-0,0185808246539986;100;100
"261";"IT";2011;1724871,7;448883,4;367576,6;-23092,4;1648755,8;443061,3;364092,3;-23092,4;1648755,8;443061,3;364092,3;"Italia";1,0693437988;2,7834719149;1,33488;0,9593624177;100,707333347034;105,419871476471;-0,0140059552785197;98,5881247290364;98,8224383978201
"262";"IT";2012;1673454,9;458006,1;372586;17929,1;1624358,7;460980,7;376523,7;17929,1;1624358,7;460980,7;376523,7;"Italia";1,065145897;2,6390860466;1,31024;0,9749202736;97,7053426382543;107,562329543573;0,0110376482731308;95,3246788950049;98,7668621511066
"263";"IT";2013;1642645,5;459719,9;375019,1;38688,3;1612751,3;461783;377321,3;38688,3;1612751,3;461783;377321,3;"Italia";1,0358337101;2,6563485732;1,21525;0,9844882121;95,9065233312751;107,964813965444;0,0239890056203954;93,0060323987917;97,3616447469674
"264";"IT";2014;1642570,8;471742,6;385774,2;47122,1;1627405,6;473718,7;387550,3;47122,1;1627405,6;473718,7;387550,3;"Italia";1,0234861553;2,6658751421;1,24155;0,9872384791;95,9021619414969;110,788334480571;0,028955350774263;91,2986516868335;95,7106156217615
"265";"IT";2015;1655355;491905;403260,9;49888,8;1655355;491905;403260,9;49888,8;1655355;491905;403260,9;"Italia";1,0342546976;2,5945256105;1,11574;1;96,6485726403188;115,523456377833;0,0301378254211332;89,8477152477891;95,2393345385968
"266";"IT";2016;1676538,1;501068,7;409346,6;55760,5;1695590,1;497338,5;406281,8;55760,5;1695590,1;497338,5;406281,8;"Italia";1,0268094456;2,6671044153;1,10767;1,0100923371;97,8853565199683;117,675543258856;0,0328856013018712;89,2706434497559;94,5660370418083
"267";"IT";2017;1705310,3;531132;432095,4;51758,7;1736601,8;535609,8;436839,8;51758,7;1736601,8;535609,8;436839,8;"Italia";1,0371457913;2,6757063273;1,11743;1,020214725;99,5652330792089;124,73588280841;0,0298045873268126;88,610757030528;95,4544656064582
"268";"IT";2018;1718515,2;540661,6;437611,2;44119,5;1765421,4;555285,7;451298;44119,5;1765421,4;555285,7;451298;"Italia";1,018248319;2,6456661121;NA;1,0478823617;100,336206518053;126,973900982444;0,0249909171827191;NA;94,5290225183639
"269";"SE";1995;2562670;733057;576437;10924,7;202866,1;75367,6;63394,1;101948;1893126;703323;591587;"Ruotsi";1,1106577274;1,5713349727;2,14061;0,6947799256;66,9964021723956;46,0707763044935;0,0538516717851849;NA;NA
"270";"SE";1996;2604054;765698;603742;12009,2;228205,5;82281,5;68854,6;102255;1943101;700602;586276;"Ruotsi";1,0844849698;1,5784385107;2,15152;0,724790593;68,0783124876147;48,1221805054696;0,0526246448331816;NA;NA
"271";"SE";1997;2684757;872367;686272;14036,2;235090,3;92037,6;76694;121430;2033813;796236;663495;"Ruotsi";1,12155236;1,5240947075;2,10031;0,7328118403;70,1881474037447;54,826057062987;0,0597055874851818;NA;NA
"272";"SE";1998;2799155;951101;745381;12766,4;239780,2;96133,5;79537,1;113824;2137856;857117;709145;"Ruotsi";1,1356840541;1,6008082712;1,96355;0,7049439664;73,1788775468055;59,7742896036462;0,0532421266914142;NA;NA
"273";"SE";1999;2919833;1019455;792470;12831,8;255440,6;102572,4;83754,5;113016;2249793;903406;737668;"Ruotsi";1,1629631075;1,5593543557;1,9692;0,7181489481;76,3337870050503;64,0701654271051;0,0502339548571802;NA;NA
"274";"SE";2000;3062161;1141720;885701;13713,7;283525,1;122554;99214;115815;2394426;1034993;837882;"Ruotsi";1,1759482597;1,451637609;1,97269;0,75102081;80,0546968094312;71,7542110945892;0,0483685860410804;NA;NA
"275";"SE";2001;3107111;1147692;865290;13660,9;268987,8;115268,7;90557,2;126433;2489509;1066823;838116;"Ruotsi";1,1648700641;1,3723069534;1,98924;0,7904386042;81,2298337867436;72,1295361731171;0,0507863197120396;NA;NA
"276";"SE";2002;3175345;1167127;884436;14590,5;282019,4;116127,3;91355;133665;2583608;1063854;836912;"Ruotsi";1,149010448;1,3861333991;2,0381;0,8000113376;83,0136891039835;73,3509767124992;0,0517357896399144;NA;NA
"277";"SE";2003;3246619;1220375;926850;15186,5;294472,7;118879,5;93572,7;138565;2686828;1084680;853776;"Ruotsi";1,1559398701;1,4668761609;2,09665;0,8085141879;84,87701975851;76,6974786852813;0,0515719651574273;NA;NA
"278";"SE";2004;3387072;1358010;1030057;20204,4;308173,7;131725,2;102919;184351;2811869;1201900;939064;"Ruotsi";1,1690190384;1,4604055884;2,08697;0,804475926;88,5489110571632;85,347489934978;0,0655617313608849;NA;NA
"279";"SE";2005;3485158;1444621;1092777;18694,3;313789,7;141359,5;110188,9;173524;2912659;1312127;1022795;"Ruotsi";1,1448790577;1,3766502295;2,02943;0,8088201198;91,1131932719944;90,7907719805877;0,0595758034153672;NA;NA
"280";"SE";2006;3645562;1568721;1183496;21436,1;335029,3;159260,5;123816,8;198378;3100495;1473860;1145850;"Ruotsi";1,134982693;1,3659803507;1,94426;0,8091948565;95,3066676147935;98,5901427517387;0,0639826866355211;NA;NA
"281";"SE";2007;3770637;1636907;1216394;20282,5;356548,7;169526,5;129612,2;187615;3298111;1568137;1198926;"Ruotsi";1,1039824982;1,3632905457;1,91852;0,843561277;98,5765287368702;102,875460200584;0,0568855929955056;NA;NA
"282";"SE";2008;3761501;1675647;1234288;18626;353309,7;173717,7;131673;179093;3397143;1670330;1266062;"Ruotsi";1,0908240638;1,3069559872;1,89436;0,8899796795;98,3376844337618;105,310171108516;0,0527187109874386;NA;NA
"283";"SE";2009;3602148;1435624;1009814;15984,2;313612;136545,8;98922,6;169738;3330277;1449993;1050469;"Ruotsi";1,0574308982;1,2136546914;1,80167;0,9279744198;94,1716865973732;90,2253333115462;0,0509681326808551;NA;NA
"284";"SE";2010;3825086;1591154;1162509;18279,8;374329,5;167448,2;125581;174340;3570093;1597004;1197704;"Ruotsi";1,0606843932;1,1835731022;1,75419;0,9035136936;100;100;0,0488334617613603;100;100
"285";"SE";2011;3941840;1697165;1240169;18224,2;411873,8;186949,1;139233,4;164561;3719138;1688113;1257250;"Ruotsi";1,0641785826;1,1682632082;1,80518;0,92784726;103,052323529458;106,662522923614;0,0442470809096086;NA;NA
"286";"SE";2012;3916968;1716098;1239472;19530,6;428825,4;193832,6;141877,4;169996;3732539;1687138;1234915;"Ruotsi";1,0577600525;1,1123489822;1,75179;0,9682100332;102,402089783079;107,852414034091;0,0455443332273286;NA;NA
"287";"SE";2013;3959578;1697968;1200848;17596,7;440191,2;188414,5;133886,8;152238;3808314;1630068;1158322;"Ruotsi";1,0172707154;1,0840416475;1,75214;0,9876202028;103,516051665244;106,712989440368;0,0399751701146492;NA;NA
"288";"SE";2014;4068359;1770604;1239869;15172,6;437540,9;190635,6;134172,8;138048;3980966;1734498;1220771;"Ruotsi";1,0282522064;1,0776679754;1,6459;0,9980029722;106,359935436746;111,277978121539;0,0346770105547247;NA;NA
"289";"SE";2015;4248213;1881745;1274313;18251,8;454184,3;201180,8;136239,2;170718;4248213;1881745;1274313;"Ruotsi";1,0513687089;1,0636245525;1,92429;1;111,06189507896;118,262908555677;0,0401858381394718;NA;NA
"290";"SE";2016;4350724;1934327;1321599;17058,6;466347,6;201723,5;137240,9;161526;4415799;1910100;1299520;"Ruotsi";1,0442938174;1,0791423389;1,86277;1,0270055648;113,741860967309;121,567554114812;0,0365791105981047;NA;NA
"291";"SE";2017;4455657;2017186;1382387;15386,8;479605,4;213105,5;146685,9;148253;4621046;2053293;1413333;"Ruotsi";1,0404735809;1,0595575887;1,80773;1,0481436962;116,485145693456;126,775032460717;0,0320821303228749;NA;NA
"292";"SE";2018;4554806;2080882;1445256;11783,6;471207,9;215755,3;152076;120880;4833792;2213283;1560041;"Ruotsi";1,0399278625;1,0298140344;NA;1,0818109767;119,077218133135;130,778164778519;0,0250072820675776;NA;NA
"293";"JP";1995;437100100;35880200;30608300;52671,3275343468;4166666,93764735;373824,89228518;327170,96171043;6479100;512541700;45984200;40245300;"Japani";1,4219036477;7,804713756;2,55927;1,1925983154;88,8372585531501;48,800929225446;0,0126411177861235;NA;NA
"294";"US";1995;10630321;978995;681854;-68624,617737003;5840786,69724771;621414,373088685;452937,308868502;-89761;7639749;812810;592442;"Yhdysvallat";1,2788808428;12,9394868165;1,77051;0,7086977704;68,1485308473056;49,497864603689;-0,0117492079909955;NA;NA
"295";"JP";1996;450650200;37605700;31521200;16512,8910776362;3807987,3986095;360961,761297798;311524,478563152;2280100;525806900;49841600;43015300;"Japani";1,3719431172;6,9247041705;2,62482;1,1773929499;91,5912129382464;51,1477947216948;0,00433638280517049;NA;NA
"296";"US";1996;11031350;1059034;742507;-75904,5443805623;6358290,9348665;683302,354886981;495223,281090021;-96376;8073122;867589;628785;"Yhdysvallat";1,276072992;13,1121007868;1,83305;0,7185369548;70,7194350727908;53,5446264206693;-0,0119378847489236;NA;NA
"297";"JP";1997;455499400;41762000;35194900;41186,1686606361;3896574,99270499;411043,915961482;356580,82871316;5645800;534142500;56345900;48880100;"Japani";1,3828901956;6,7894199112;2,53902;1,2004300401;92,5767758200118;56,8008095359857;0,01056983857304;NA;NA
"298";"US";1997;11521938;1185164;850037;-89921,5167548501;7563981,00793651;841096,119929453;617184,30335097;-101971;8577554,463;953803;699887;"Yhdysvallat";1,2798995025;13,9033193245;1,82767;0,7334026856;73,864481346682;59,9217434258259;-0,0118881203774176;NA;NA
"299";"JP";1998;450359500;40739500;34473200;65509,86954443;3605470,25476402;379457,004302985;329825,831568882;9591300;527876900;55556300;48289800;"Japani";1,3386908177;6,2997597922;2,48434;1,1973170414;91,5321303824168;55,4100996142735;0,0181695770358582;NA;NA
"300";"US";1998;12038283;1212847;868525;-145135,135135135;8083862,46632771;850039,24716796;617754,883596468;-162711;9062818,211;952979;692565;"Yhdysvallat";1,256803397;14,1232261183;1,81703;0,7559568155;77,1746497941214;61,3213924391752;-0,0179536868346879;NA;NA
"301";"JP";1999;449224800;41532800;35642800;66586,7128255852;4283315,19947247;426265,248928454;373019,287833828;8078300;519651800;51714500;45254700;"Japani";1,2756405117;6,5011088257;2,51283;1,176644842;91,301511269586;56,4890728963217;0,0155456018818755;NA;NA
"302";"US";1999;12610491;1273264;904804;-240039,407018202;9036089,51210358;931486,207543629;667783,82435729;-255834;9630664,202;992778;711724;"Yhdysvallat";1,2490670276;14,185659341;1,85634;0,7688469463;80,8429430224326;64,3760683933538;-0,0265645229273876;NA;NA
"303";"JP";2000;461711600;46824300;40355700;75684,1258670956;5295124,1580376;562579,672262994;492244,897959184;7528300;526706000;55959800;48963600;"Japani";1,2436210813;6,6632755233;2,53454;1,1470278395;93,8393580467921;63,6860817479014;0,014293173041507;NA;NA
"304";"US";2000;13130987;1379508;994640;-406074,058033781;11100417,3495019;1186936,9857081;861788,653096579;-375050;10252345,464;1096255;795948;"Yhdysvallat";1,2007693167;14,0746947835;1,86251;0,7992282434;84,1797225714132;69,7477517287685;-0,036581873027684;NA;NA
"305";"JP";2001;463587700;43683400;37107100;31764,8141332352;4812338,97681266;492258,925285241;423598,638203901;3452200;523005000;53498700;46036700;"Japani";1,1718051189;5,8393827417;2,52662;1,1305313575;94,2206610498606;59,4141200920521;0,00660070171413275;NA;NA
"306";"US";2001;13262079;1299714;931663;-410818,445734703;11815343,2324699;1144077,71326485;827607,190710139;-367929;10581821,399;1024636;741205;"Yhdysvallat";1,1341510653;13,57516785;1,85189;0,8171828306;85,0201230829157;65,7133770811077;-0,0347699121093435;NA;NA
"307";"JP";2002;464134700;47075300;40084100;59038,6244282568;4370542,09723869;481555,988480434;414221,582246315;6970100;515986200;56852500;48903000;"Japani";1,1842360911;5,7318944239;2,61165;1,0893446956;94,3318346241256;64,0274687311285;0,0135083070051098;NA;NA
"308";"US";2002;13493064;1277139;900597;-449875,211505922;11565586,9860406;1056198,18104907;749815,989847716;-425402;10936419,054;998741;709026;"Yhdysvallat";1,0830456368;12,6132862733;1,87944;0,81601897;86,5009145282318;64,5719879081004;-0,0388977413812988;NA;NA
"309";"JP";2003;471227700;51554900;43775600;66720,6230434451;3935257,69260136;458036,191494235;391914,942353211;8738400;515400700;59989000;51329100;"Japani";1,1846544746;5,6274469016;2,45075;1,0628578421;95,7734327269801;70,120206301106;0,0169545753430292;NA;NA
"310";"US";2003;13879129;1305013;927051;-444772,807637907;10129282,0703678;915998,055162659;651572,666195191;-503127;11458243,878;1036177;737059;"Yhdysvallat";1,0449244602;11,2596518814;1,85046;0,821570233;88,9758880084838;65,9812938575314;-0,0439096082573361;NA;NA
"311";"JP";2004;481616800;58913800;50005400;78342,7551324011;3875077,35792919;502676,286819399;429214,519488248;10532400;520965400;67579800;57703600;"Japani";1,1813577799;5,5976021466;2,47862;1,0375139215;97,8849379927865;80,129101404175;0,0202170815950541;NA;NA
"312";"US";2004;14406382;1431185;1008273;-497688,720958276;9818899,54739127;946724,817107485;667225,661226787;-619075;12213729,147;1177631;829962;"Yhdysvallat";1,0380120182;10,5487706068;1,76594;0,8370938563;92,3559851226569;72,3605343774285;-0,0506868125655186;NA;NA
"313";"JP";2005;489624500;63137400;53936500;57810,0109609061;3829980,27036902;536673,73036171;460427,475337961;7911300;524132800;73443800;63009500;"Japani";1,1595661264;5,2426395844;2,46767;1,0338374114;99,5124418879265;85,8736514534109;0,0150940753946328;NA;NA
"314";"US";2005;14912509;1533198;1085447;-579690,539345712;10478771,9869785;1049131,90258018;741028,85620127;-721193;13036640,229;1305225;921914;"Yhdysvallat";1,0259090787;10,2643208636;1,74324;0,8503861188;95,6006483338764;77,5182988826773;-0,0553204650378942;NA;NA
"315";"JP";2006;496577200;69649600;59736200;51021,7778386522;3608270,784824;572737,296260786;493266,675797836;7450200;526879700;83631100;72026800;"Japani";1,1632260479;4,9092343801;2,40412;1,0331168271;100,925525086815;94,7309435337769;0,0141402297336565;NA;NA
"316";"US";2006;15338257;1676442;1193042;-613988,53137942;11002398,3864288;1172836,09429755;832221,248805352;-770924;13814611,414;1472613;1044937;"Yhdysvallat";1,0281110604;10,0556628523;1,66414;0,8751359523;98,3300203548322;84,7606975847042;-0,0558049717720421;NA;NA
"317";"JP";2007;504791500;75689700;64972300;62408,6821705426;3297291,1627907;576805,581395349;496270,387596899;10063400;531688200;93009900;80023600;"Japani";1,1666691204;4,6305468657;2,34652;1,0226815643;102,595018854794;102,946128862025;0,0189272584947343;NA;NA
"318";"US";2007;15626029;1822323;1276091;-524207,223641007;10544953,4111638;1211859,1754834;847333,819773805;-718426;14451858,65;1660853;1161271;"Yhdysvallat";1,0336274071;9,727929545;1,62483;0,9048381928;100,174860131448;92,1364226765083;-0,0497116680559286;NA;NA
"319";"JP";2008;499271400;76868900;65989000;15338,1436536569;3415649,0652673;595143,981633322;509092,161364382;2338300;520715700;90729700;77611100;"Japani";1,1372402844;4,4893974135;2,23856;1,0418469129;101,473100669602;104,549967629441;0,00449055021770997;NA;NA
"320";"US";2008;15604687;1925433;1350435;-491629,04541746;10003293,5028556;1249017,54147403;878797,933097634;-723088;14712844,084;1837055;1292536;"Yhdysvallat";1,0453740426;9,4331477832;1,58866;0,9265591679;100,03804150242;97,3496513643835;-0,0491467180561199;NA;NA
"321";"JP";2009;472228800;58861000;49137900;20690,5017646156;3755570,0475679;470231,701703238;392216,510664416;2696800;489501000;61290000;51121500;"Japani";0,9529760514;4,1703203247;2,17852;1,0514119009;95,9768986596979;80,057287728022;0,0055092839442616;NA;NA
"322";"US";2009;15208834;1763763;1190295;-284235,015772871;10359143,2642673;1134209,92256954;758837,109262977;-396451;14448933,025;1581996;1058426;"Yhdysvallat";1,0698745028;10,0935282051;1,53293;0,9154579733;97,5003194165585;89,1756364097837;-0,0274380813665651;NA;NA
"323";"JP";2010;492023400;73523600;63054100;62867,3434273916;4304489,84858913;647255,677907777;553952,167928424;7307700;500353900;75237000;64391400;"Japani";1,0247893613;4,5980314885;2,11934;1,0103913858;100;100;0,0146050625367365;100;100
"324";"US";2010;15598753;1977853;1368708;-387646,526363431;11308782,3240552;1392683,11080938;959824,998114204;-513903;14992052,727;1846280;1272440;"Yhdysvallat";1,0496310188;9,8854079924;1,49428;0,9117209003;100;100;-0,0342783612996828;100;100
"325";"JP";2011;491455500;73342700;62965300;-24048,3056957462;4428699,53136265;660983,237202596;567459,444844989;-2668400;491408500;73342700;62965300;"Japani";0,9450328837;4,1466483234;2,31329;1,0160655298;99,8845786602832;99,7539565527259;-0,00543010550285557;NA;NA
"326";"US";2011;15840664;2119049;1465293;-416280,172413793;11165647,3448276;1510772,27011494;1050477,01149425;-579462;15542581,104;2102995;1462264;"Yhdysvallat";1,0453422336;9,4663976453;1,49138;0,9318966031;101,550835505889;107,138852078491;-0,0372822246268267;NA;NA
"327";"JP";2012;498803200;73277800;63141800;-74691,1893843302;4829321,88506196;702412,918333496;604515,562493902;-7655100;494957200;71990300;61956800;"Japani";0,9056695186;4,0189528124;2,32408;1,0013234667;101,377942593787;99,6656855757879;-0,0154661857631327;NA;NA
"328";"US";2012;16197007;2191280;1521582;-442536,581569116;12606637,1022727;1705541,71855542;1184294,83188045;-568571;16197007,349;2191280;1521582;"Yhdysvallat";1,0384353371;9,7598494395;1,45359;0,9491526664;103,83526811406;110,790842393242;-0,0351034600249844;NA;NA
"329";"JP";2013;508780600;73835600;62635600;-89905,9077587537;3880731,14298936;617633,811507018;523128,95264538;-11657200;503175600;80082400;67828900;"Japani";0,8707855659;3,54809805;2,37352;0,9866405828;103,405772977464;100,424353540904;-0,0231672600976677;NA;NA
"330";"US";2013;16495369;2269621;1570004;-369536,932459905;12638241,9923199;1711789,77486635;1174015,5108802;-490782;16784849,19;2273428;1559210;"Yhdysvallat";1,037907331;9,827033026;1,43702;0,9610861414;105,747997932912;114,751753542857;-0,0292395835342027;NA;NA
"331";"JP";2014;510687100;80695200;66532000;-90285,0830304326;3662433,18366474;642401,824531395;527935,998859668;-12667900;513876000;90135400;74074700;"Japani";0,9137226217;3,6134520953;2,31842;0,9990850264;103,793254548463;109,754146967776;-0,0246516669391059;NA;NA
"332";"US";2014;16899831;2365274;1642746;-382128,716597667;13189120,4621754;1785249,5295446;1215622,13022205;-507658;17521746,534;2371704;1614954;"Yhdysvallat";1,0427784524;10,0609073889;1,30167;0,9814302435;108,340910327896;119,587957244547;-0,0289730249786982;NA;NA
"333";"JP";2015;516932400;83068700;67069300;-16578,8102151739;3955921,37592138;696676,345767255;560450,45045045;-2226700;531319800;93570600;75274100;"Japani";0,9178330643;3,6847932796;2,29751;1;105,062564097561;112,982362125902;-0,00419088466117769;NA;NA
"334";"US";2015;17386700;2376464;1637000;-468539,882830104;16421178,534475;2043082,46958089;1347097,79179811;-519845;18219297,584;2266800;1494605;"Yhdysvallat";1,0243039179;10,8010836631;1,8166;1;111,462114952394;120,153722243261;-0,0285326587154777;NA;NA
"335";"JP";2016;520081000;84491500;67421500;44152,2462562396;4459121,46422629;724730,449251248;574814,475873544;5307100;535986400;87112600;69092700;"Japani";0,9075796486;3,8907924963;2,27406;1,0205068531;105,702493011511;114,917523081024;0,00990155720369024;NA;NA
"336";"US";2016;17659187;2376138;1646071;-468702,683169211;16900522,3913633;2006151,41385852;1304552,35341946;-518807;18707188,235;2220609;1444009;"Yhdysvallat";1,0056402793;10,7802441438;1,78168;1,0104827633;113,208966126972;120,137239724085;-0,027733029329835;NA;NA
"337";"JP";2017;530112100;90235600;72187500;40219,3986267856;4302122,16873175;764668,929050588;609940,020519296;5096200;545121900;96891200;77285500;"Japani";0,907722035;3,8078486267;2,30938;1,0175625279;107,741237510248;122,730116588415;0,00934873465916523;NA;NA
"338";"US";2017;18050693;2458771;1709989;-509282,110294769;17248290,5665221;2086152,07577233;1361738,51464991;-575336;19485393,853;2356726;1538356;"Yhdysvallat";0,9847446234;10,3886806707;1,75541;1,0318141838;115,718820600595;124,315153856227;-0,029526526604512;NA;NA
"339";"JP";2018;NA;93325400;NA;10752,3006134969;NA;776624,233128834;NA;1402100;NA;101271800;NA;"Japani";0,8953471221;3,7063091793;NA;1,0400959319;NA;126,932576750866;NA;NA;NA
"340";"US";2018;NA;2532938;1782775;-540401,354784081;NA;2125529,21253175;1406691,78662151;-638214;NA;2510250;1661303;"Yhdysvallat";0,9750863214;10,14220971;NA;1,0522323893;NA;128,065028088538;NA;NA;NA
